-- phpMyAdmin SQL Dump
-- version 5.1.3
-- https://www.phpmyadmin.net/
--
-- Host: localhost
-- Generation Time: May 02, 2022 at 04:20 AM
-- Server version: 8.0.28
-- PHP Version: 7.4.29

SET SQL_MODE = "NO_AUTO_VALUE_ON_ZERO";
START TRANSACTION;
SET time_zone = "+00:00";


/*!40101 SET @OLD_CHARACTER_SET_CLIENT=@@CHARACTER_SET_CLIENT */;
/*!40101 SET @OLD_CHARACTER_SET_RESULTS=@@CHARACTER_SET_RESULTS */;
/*!40101 SET @OLD_COLLATION_CONNECTION=@@COLLATION_CONNECTION */;
/*!40101 SET NAMES utf8mb4 */;

--
-- Database: `patsbakery`
--

-- --------------------------------------------------------

--
-- Table structure for table `customer`
--

CREATE TABLE `customer` (
  `CustomerID` int NOT NULL,
  `CustFirstName` varchar(100) CHARACTER SET utf8mb4 COLLATE utf8mb4_general_ci NOT NULL,
  `CustLastName` varchar(100) CHARACTER SET utf8mb4 COLLATE utf8mb4_general_ci NOT NULL,
  `CustEmail` varchar(250) CHARACTER SET utf8mb4 COLLATE utf8mb4_general_ci NOT NULL,
  `CustPhone` varchar(16) CHARACTER SET utf8mb4 COLLATE utf8mb4_general_ci NOT NULL
) ENGINE=InnoDB DEFAULT CHARSET=utf8mb4 COLLATE=utf8mb4_general_ci;

--
-- Dumping data for table `customer`
--

INSERT INTO `customer` (`CustomerID`, `CustFirstName`, `CustLastName`, `CustEmail`, `CustPhone`) VALUES
(2, 'Kailey', 'Karls', 'KailyKarls@gmail.com', '320-428-1867'),
(3, 'Martin', 'Schendel', '13mschen@gmail.com', '763-350-2480'),
(4, 'Mundo', 'Mundo', 'Mundo@Mundo.com', '5555555555');

-- --------------------------------------------------------

--
-- Table structure for table `employee`
--

CREATE TABLE `employee` (
  `EmployeeID` int NOT NULL,
  `EmpFirstName` varchar(100) CHARACTER SET utf8mb4 COLLATE utf8mb4_general_ci NOT NULL,
  `EmpLastName` varchar(100) CHARACTER SET utf8mb4 COLLATE utf8mb4_general_ci NOT NULL,
  `EmpEmail` varchar(250) CHARACTER SET utf8mb4 COLLATE utf8mb4_general_ci NOT NULL,
  `EmpPhone` varchar(16) CHARACTER SET utf8mb4 COLLATE utf8mb4_general_ci NOT NULL,
  `EmpPassword` varchar(100) CHARACTER SET utf8mb4 COLLATE utf8mb4_general_ci DEFAULT NULL,
  `EmpUsername` varchar(12) CHARACTER SET utf8mb4 COLLATE utf8mb4_general_ci DEFAULT NULL
) ENGINE=InnoDB DEFAULT CHARSET=utf8mb4 COLLATE=utf8mb4_general_ci;

--
-- Dumping data for table `employee`
--

INSERT INTO `employee` (`EmployeeID`, `EmpFirstName`, `EmpLastName`, `EmpEmail`, `EmpPhone`, `EmpPassword`, `EmpUsername`) VALUES
(4, 'Reece', 'Withouthisspoon', 'withouthisspoon@gmail.com', '1234567890', '$2y$10$wmG9qwx3QrZLYi1lNaiscuLLOqvh6BzmV8sN0eDM78gBFszh5LnOK', 'Reece'),
(5, 'Brandy', 'Glass', 'halffull@gmail.com', '0987654321', '$2y$10$OxaRcliiUlyxkvZALB7f3eBniFlcISUeUakEGElfGAxUsdwXIwoVy', 'Brandy'),
(6, 'Zachary', 'Hellweg', 'Zjhellweg@gmai.com', '5555555555', '$2y$10$GJqKQMapwIp79kbOZyUsnuolHKdwiY5QdFlZurz4/F9b6H8gma2aO', 'Drickikcha');

-- --------------------------------------------------------

--
-- Table structure for table `item`
--

CREATE TABLE `item` (
  `ItemID` int NOT NULL,
  `ItemName` varchar(256) CHARACTER SET utf8mb4 COLLATE utf8mb4_general_ci NOT NULL,
  `ItemDescription` varchar(1024) CHARACTER SET utf8mb4 COLLATE utf8mb4_general_ci NOT NULL,
  `ItemWholesaleCost` double NOT NULL,
  `ItemSalePrice` double NOT NULL
) ENGINE=InnoDB DEFAULT CHARSET=utf8mb4 COLLATE=utf8mb4_general_ci;

--
-- Dumping data for table `item`
--

INSERT INTO `item` (`ItemID`, `ItemName`, `ItemDescription`, `ItemWholesaleCost`, `ItemSalePrice`) VALUES
(2, 'White Bread', 'Tall, soft, light, and fluffy - the perfect classic white bread!', 0.5, 4),
(3, 'Wheat Bread', 'Moist and tender with delightful texture and wonderful aroma!', 0.75, 4.5),
(4, 'White Buns', 'Perfect buns for sandwiches or subs! Our white buns are fluffy and delicious!', 0.8, 3.75),
(5, 'Wheat Buns', 'Deliciously soft buns perfect for hamburgers, pulled pork, and more!', 0.85, 3.75),
(6, 'Flatbread', 'Soft and pliable, our flatbread is perfect for wraps and pizzas!', 0.75, 3),
(7, 'French Bread', 'Crisp and crunchy crust with a chewy center is what makes our french bread the talk of the town!', 0.6, 3.75);

-- --------------------------------------------------------

--
-- Table structure for table `orderitem`
--

CREATE TABLE `orderitem` (
  `OrderID` int NOT NULL,
  `ItemID` int NOT NULL,
  `Quantity` int NOT NULL,
  `UnitSalePrice` double NOT NULL,
  `FilledState` varchar(16) CHARACTER SET utf8mb4 COLLATE utf8mb4_general_ci NOT NULL
) ENGINE=InnoDB DEFAULT CHARSET=utf8mb4 COLLATE=utf8mb4_general_ci;

--
-- Dumping data for table `orderitem`
--

INSERT INTO `orderitem` (`OrderID`, `ItemID`, `Quantity`, `UnitSalePrice`, `FilledState`) VALUES
(100, 7, 7, 3.75, 'Filled'),
(100, 3, 4, 4.5, 'Filled'),
(100, 6, 1, 3, 'Filled'),
(100, 2, 18, 4, 'Filled'),
(100, 4, 28, 3.75, 'Filled'),
(101, 6, 6, 3, 'Filled'),
(102, 2, 21, 4, 'Filled'),
(102, 5, 24, 3.75, 'Filled'),
(102, 3, 3, 4.5, 'Filled'),
(103, 5, 9, 3.75, 'Filled'),
(103, 7, 19, 3.75, 'Filled'),
(103, 2, 9, 4, 'Filled'),
(103, 4, 12, 3.75, 'Filled'),
(103, 3, 6, 4.5, 'Filled'),
(104, 6, 26, 3, 'Filled'),
(104, 3, 14, 4.5, 'Filled'),
(104, 7, 27, 3.75, 'Filled'),
(104, 4, 7, 3.75, 'Filled'),
(104, 2, 26, 4, 'Filled'),
(105, 3, 16, 4.5, 'Filled'),
(105, 4, 19, 3.75, 'Filled'),
(105, 2, 4, 4, 'Filled'),
(105, 6, 8, 3, 'Filled'),
(105, 5, 3, 3.75, 'Filled'),
(106, 3, 12, 4.5, 'Filled'),
(106, 5, 24, 3.75, 'Filled'),
(106, 2, 8, 4, 'Filled'),
(106, 4, 3, 3.75, 'Filled'),
(107, 6, 21, 3, 'Filled'),
(108, 2, 13, 4, 'Filled'),
(108, 5, 1, 3.75, 'Filled'),
(109, 6, 19, 3, 'Filled'),
(109, 2, 14, 4, 'Filled'),
(109, 5, 19, 3.75, 'Filled'),
(109, 3, 17, 4.5, 'Filled'),
(110, 6, 24, 3, 'Filled'),
(110, 7, 23, 3.75, 'Filled'),
(110, 4, 11, 3.75, 'Filled'),
(110, 5, 7, 3.75, 'Filled'),
(111, 7, 8, 3.75, 'Filled'),
(111, 4, 7, 3.75, 'Filled'),
(112, 7, 2, 3.75, 'Filled'),
(112, 3, 14, 4.5, 'Filled'),
(113, 2, 14, 4, 'Filled'),
(113, 4, 4, 3.75, 'Filled'),
(113, 7, 4, 3.75, 'Filled'),
(113, 5, 15, 3.75, 'Filled'),
(113, 3, 8, 4.5, 'Filled'),
(114, 6, 7, 3, 'Filled'),
(114, 5, 16, 3.75, 'Filled'),
(115, 2, 20, 4, 'Filled'),
(115, 7, 21, 3.75, 'Filled'),
(116, 3, 8, 4.5, 'Filled'),
(117, 7, 15, 3.75, 'Filled'),
(117, 5, 21, 3.75, 'Filled'),
(117, 4, 5, 3.75, 'Filled'),
(117, 6, 8, 3, 'Filled'),
(118, 3, 23, 4.5, 'Filled'),
(118, 5, 6, 3.75, 'Filled'),
(118, 2, 8, 4, 'Filled'),
(118, 4, 19, 3.75, 'Filled'),
(118, 6, 28, 3, 'Filled'),
(119, 5, 21, 3.75, 'Filled'),
(119, 6, 26, 3, 'Filled'),
(119, 4, 7, 3.75, 'Filled'),
(119, 7, 28, 3.75, 'Filled'),
(120, 7, 21, 3.75, 'Filled'),
(121, 2, 1, 4, 'Filled'),
(121, 6, 19, 3, 'Filled'),
(122, 4, 15, 3.75, 'Filled'),
(122, 5, 13, 3.75, 'Filled'),
(122, 2, 14, 4, 'Filled'),
(122, 3, 15, 4.5, 'Filled'),
(123, 6, 7, 3, 'Filled'),
(123, 5, 1, 3.75, 'Filled'),
(124, 3, 10, 4.5, 'Filled'),
(124, 4, 13, 3.75, 'Filled'),
(124, 5, 17, 3.75, 'Filled'),
(125, 7, 20, 3.75, 'Filled'),
(125, 5, 13, 3.75, 'Filled'),
(125, 4, 1, 3.75, 'Filled'),
(125, 6, 20, 3, 'Filled'),
(125, 3, 6, 4.5, 'Filled'),
(126, 4, 15, 3.75, 'Filled'),
(126, 6, 16, 3, 'Filled'),
(127, 2, 13, 4, 'Filled'),
(127, 3, 28, 4.5, 'Filled'),
(128, 3, 13, 4.5, 'Filled'),
(128, 5, 10, 3.75, 'Filled'),
(128, 4, 7, 3.75, 'Filled'),
(129, 3, 13, 4.5, 'Filled'),
(129, 4, 10, 3.75, 'Filled'),
(129, 6, 26, 3, 'Filled'),
(129, 7, 3, 3.75, 'Filled'),
(129, 2, 7, 4, 'Filled'),
(130, 7, 19, 3.75, 'Filled'),
(130, 4, 9, 3.75, 'Filled'),
(130, 2, 26, 4, 'Filled'),
(131, 5, 29, 3.75, 'Filled'),
(131, 2, 1, 4, 'Filled'),
(131, 3, 26, 4.5, 'Filled'),
(131, 7, 3, 3.75, 'Filled'),
(131, 4, 2, 3.75, 'Filled'),
(131, 6, 27, 3, 'Filled'),
(132, 7, 22, 3.75, 'Filled'),
(132, 5, 21, 3.75, 'Filled'),
(132, 6, 18, 3, 'Filled'),
(133, 6, 11, 3, 'Filled'),
(133, 5, 25, 3.75, 'Filled'),
(133, 4, 8, 3.75, 'Filled'),
(133, 3, 21, 4.5, 'Filled'),
(134, 4, 20, 3.75, 'Filled'),
(134, 2, 28, 4, 'Filled'),
(135, 7, 5, 3.75, 'Filled'),
(136, 6, 3, 3, 'Filled'),
(137, 7, 18, 3.75, 'Filled'),
(138, 5, 27, 3.75, 'Filled'),
(138, 7, 23, 3.75, 'Filled'),
(138, 4, 6, 3.75, 'Filled'),
(139, 5, 26, 3.75, 'Filled'),
(139, 7, 6, 3.75, 'Filled'),
(139, 4, 24, 3.75, 'Filled'),
(139, 3, 11, 4.5, 'Filled'),
(140, 2, 1, 4, 'Filled'),
(140, 5, 13, 3.75, 'Filled'),
(141, 2, 29, 4, 'Filled'),
(141, 7, 25, 3.75, 'Filled'),
(141, 3, 18, 4.5, 'Filled'),
(141, 5, 16, 3.75, 'Filled'),
(142, 4, 1, 3.75, 'Filled'),
(142, 6, 18, 3, 'Filled'),
(143, 5, 9, 3.75, 'Filled'),
(144, 3, 26, 4.5, 'Filled'),
(145, 4, 17, 3.75, 'Filled'),
(145, 3, 23, 4.5, 'Filled'),
(146, 6, 6, 3, 'Filled'),
(146, 2, 17, 4, 'Filled'),
(146, 7, 27, 3.75, 'Filled'),
(146, 5, 6, 3.75, 'Filled'),
(146, 3, 3, 4.5, 'Filled'),
(147, 5, 26, 3.75, 'Filled'),
(147, 7, 12, 3.75, 'Filled'),
(148, 4, 24, 3.75, 'Filled'),
(148, 7, 13, 3.75, 'Filled'),
(148, 2, 24, 4, 'Filled'),
(148, 5, 9, 3.75, 'Filled'),
(148, 6, 29, 3, 'Filled'),
(149, 3, 18, 4.5, 'Filled'),
(150, 6, 5, 3, 'Filled'),
(151, 3, 22, 4.5, 'Filled'),
(151, 7, 24, 3.75, 'Filled'),
(151, 4, 6, 3.75, 'Filled'),
(152, 7, 24, 3.75, 'Filled'),
(153, 6, 22, 3, 'Filled'),
(153, 3, 11, 4.5, 'Filled'),
(153, 5, 27, 3.75, 'Filled'),
(154, 7, 21, 3.75, 'Filled'),
(154, 5, 23, 3.75, 'Filled'),
(154, 4, 11, 3.75, 'Filled'),
(154, 3, 21, 4.5, 'Filled'),
(154, 6, 25, 3, 'Filled'),
(154, 2, 19, 4, 'Filled'),
(155, 5, 7, 3.75, 'Filled'),
(155, 2, 7, 4, 'Filled'),
(155, 4, 15, 3.75, 'Filled'),
(155, 6, 28, 3, 'Filled'),
(155, 3, 16, 4.5, 'Filled'),
(156, 3, 14, 4.5, 'Filled'),
(156, 7, 18, 3.75, 'Filled'),
(156, 4, 9, 3.75, 'Filled'),
(156, 5, 22, 3.75, 'Filled'),
(157, 2, 25, 4, 'Filled'),
(158, 5, 5, 3.75, 'Filled'),
(158, 2, 16, 4, 'Filled'),
(159, 6, 24, 3, 'Filled'),
(159, 2, 27, 4, 'Filled'),
(159, 5, 7, 3.75, 'Filled'),
(160, 6, 9, 3, 'Filled'),
(161, 4, 16, 3.75, 'Filled'),
(161, 5, 14, 3.75, 'Filled'),
(161, 3, 11, 4.5, 'Filled'),
(161, 2, 9, 4, 'Filled'),
(162, 5, 6, 3.75, 'Filled'),
(163, 7, 15, 3.75, 'Filled'),
(163, 2, 27, 4, 'Filled'),
(164, 6, 7, 3, 'Filled'),
(164, 3, 15, 4.5, 'Filled'),
(164, 2, 3, 4, 'Filled'),
(165, 7, 12, 3.75, 'Filled'),
(165, 4, 18, 3.75, 'Filled'),
(165, 2, 29, 4, 'Filled'),
(166, 5, 5, 3.75, 'Filled'),
(166, 7, 20, 3.75, 'Filled'),
(166, 3, 21, 4.5, 'Filled'),
(166, 2, 9, 4, 'Filled'),
(167, 5, 11, 3.75, 'Filled'),
(167, 7, 24, 3.75, 'Filled'),
(168, 3, 15, 4.5, 'Filled'),
(168, 6, 17, 3, 'Filled'),
(168, 2, 5, 4, 'Filled'),
(168, 4, 27, 3.75, 'Filled'),
(168, 7, 2, 3.75, 'Filled'),
(169, 5, 4, 3.75, 'Filled'),
(169, 3, 12, 4.5, 'Filled'),
(169, 6, 7, 3, 'Filled'),
(169, 2, 13, 4, 'Filled'),
(169, 4, 28, 3.75, 'Filled'),
(170, 2, 21, 4, 'Filled'),
(170, 3, 2, 4.5, 'Filled'),
(170, 7, 19, 3.75, 'Filled'),
(170, 5, 1, 3.75, 'Filled'),
(170, 6, 14, 3, 'Filled'),
(171, 5, 17, 3.75, 'Filled'),
(171, 7, 19, 3.75, 'Filled'),
(171, 4, 17, 3.75, 'Filled'),
(172, 4, 6, 3.75, 'Filled'),
(173, 4, 29, 3.75, 'Filled'),
(173, 6, 12, 3, 'Filled'),
(174, 5, 5, 3.75, 'Filled'),
(174, 3, 20, 4.5, 'Filled'),
(174, 7, 3, 3.75, 'Filled'),
(175, 7, 7, 3.75, 'Filled'),
(175, 5, 25, 3.75, 'Filled'),
(176, 6, 10, 3, 'Filled'),
(176, 5, 26, 3.75, 'Filled'),
(176, 4, 12, 3.75, 'Filled'),
(177, 6, 8, 3, 'Filled'),
(178, 4, 19, 3.75, 'Filled'),
(179, 4, 27, 3.75, 'Filled'),
(179, 5, 5, 3.75, 'Filled'),
(179, 7, 13, 3.75, 'Filled'),
(179, 6, 8, 3, 'Filled'),
(180, 3, 29, 4.5, 'Filled'),
(180, 7, 29, 3.75, 'Filled'),
(180, 6, 25, 3, 'Filled'),
(180, 2, 15, 4, 'Filled'),
(181, 6, 24, 3, 'Filled'),
(181, 2, 5, 4, 'Filled'),
(181, 7, 25, 3.75, 'Filled'),
(182, 7, 28, 3.75, 'Filled'),
(183, 3, 3, 4.5, 'Filled'),
(183, 2, 17, 4, 'Filled'),
(183, 7, 21, 3.75, 'Filled'),
(183, 6, 21, 3, 'Filled'),
(184, 2, 3, 4, 'Filled'),
(184, 5, 14, 3.75, 'Filled'),
(185, 7, 17, 3.75, 'Filled'),
(185, 2, 10, 4, 'Filled'),
(185, 5, 24, 3.75, 'Filled'),
(185, 3, 5, 4.5, 'Filled'),
(185, 4, 29, 3.75, 'Filled'),
(186, 3, 14, 4.5, 'Filled'),
(186, 6, 26, 3, 'Filled'),
(187, 3, 1, 4.5, 'Filled'),
(187, 2, 16, 4, 'Filled'),
(187, 6, 20, 3, 'Filled'),
(187, 7, 16, 3.75, 'Filled'),
(188, 6, 11, 3, 'Filled'),
(189, 2, 20, 4, 'Filled'),
(189, 5, 14, 3.75, 'Filled'),
(189, 6, 2, 3, 'Filled'),
(189, 4, 12, 3.75, 'Filled'),
(189, 3, 18, 4.5, 'Filled'),
(189, 7, 14, 3.75, 'Filled'),
(190, 2, 27, 4, 'Filled'),
(190, 7, 3, 3.75, 'Filled'),
(190, 3, 11, 4.5, 'Filled'),
(190, 5, 2, 3.75, 'Filled'),
(190, 4, 9, 3.75, 'Filled'),
(191, 4, 23, 3.75, 'Filled'),
(192, 2, 23, 4, 'Filled'),
(193, 6, 8, 3, 'Filled'),
(194, 6, 8, 3, 'Filled'),
(194, 5, 17, 3.75, 'Filled'),
(195, 2, 16, 4, 'Filled'),
(195, 3, 27, 4.5, 'Filled'),
(195, 4, 7, 3.75, 'Filled'),
(196, 6, 1, 3, 'Filled'),
(196, 2, 6, 4, 'Filled'),
(197, 2, 25, 4, 'Filled'),
(197, 6, 9, 3, 'Filled'),
(198, 3, 29, 4.5, 'Filled'),
(198, 7, 23, 3.75, 'Filled'),
(199, 2, 5, 4, 'Filled'),
(199, 7, 5, 3.75, 'Filled'),
(200, 2, 27, 4, 'Filled'),
(201, 3, 12, 4.5, 'Filled'),
(201, 2, 13, 4, 'Filled'),
(202, 5, 15, 3.75, 'Filled'),
(202, 6, 7, 3, 'Filled'),
(202, 2, 9, 4, 'Filled'),
(203, 5, 7, 3.75, 'Filled'),
(203, 2, 6, 4, 'Filled'),
(204, 4, 18, 3.75, 'Filled'),
(204, 6, 13, 3, 'Filled'),
(204, 3, 4, 4.5, 'Filled'),
(205, 3, 10, 4.5, 'Filled'),
(205, 7, 8, 3.75, 'Filled'),
(206, 7, 19, 3.75, 'Filled'),
(207, 6, 15, 3, 'Filled'),
(208, 4, 3, 3.75, 'Filled'),
(209, 3, 10, 4.5, 'Filled'),
(209, 5, 3, 3.75, 'Filled'),
(209, 4, 8, 3.75, 'Filled'),
(209, 2, 4, 4, 'Filled'),
(210, 7, 14, 3.75, 'Filled'),
(210, 2, 12, 4, 'Filled'),
(210, 6, 10, 3, 'Filled'),
(210, 3, 19, 4.5, 'Filled'),
(211, 3, 10, 4.5, 'Filled'),
(211, 2, 19, 4, 'Filled'),
(211, 7, 24, 3.75, 'Filled'),
(211, 4, 23, 3.75, 'Filled'),
(211, 5, 21, 3.75, 'Filled'),
(212, 7, 20, 3.75, 'Filled'),
(213, 6, 8, 3, 'Filled'),
(213, 5, 9, 3.75, 'Filled'),
(213, 7, 22, 3.75, 'Filled'),
(213, 2, 5, 4, 'Filled'),
(213, 4, 15, 3.75, 'Filled'),
(213, 3, 21, 4.5, 'Filled'),
(214, 2, 4, 4, 'Filled'),
(214, 4, 27, 3.75, 'Filled'),
(215, 3, 26, 4.5, 'Filled'),
(215, 7, 21, 3.75, 'Filled'),
(216, 6, 3, 3, 'Filled'),
(216, 4, 11, 3.75, 'Filled'),
(217, 3, 16, 4.5, 'Filled'),
(217, 6, 17, 3, 'Filled'),
(217, 7, 16, 3.75, 'Filled'),
(217, 2, 17, 4, 'Filled'),
(218, 7, 3, 3.75, 'Filled'),
(219, 5, 7, 3.75, 'Filled'),
(219, 3, 8, 4.5, 'Filled'),
(219, 2, 2, 4, 'Filled'),
(220, 5, 16, 3.75, 'Filled'),
(221, 2, 2, 4, 'Filled'),
(221, 6, 14, 3, 'Filled'),
(221, 5, 25, 3.75, 'Filled'),
(221, 7, 23, 3.75, 'Filled'),
(221, 4, 13, 3.75, 'Filled'),
(222, 3, 21, 4.5, 'Filled'),
(222, 4, 24, 3.75, 'Filled'),
(222, 2, 25, 4, 'Filled'),
(223, 2, 5, 4, 'Filled'),
(223, 5, 12, 3.75, 'Filled'),
(224, 5, 4, 3.75, 'Filled'),
(224, 4, 3, 3.75, 'Filled'),
(225, 4, 6, 3.75, 'Filled'),
(225, 6, 5, 3, 'Filled'),
(225, 5, 28, 3.75, 'Filled'),
(225, 7, 23, 3.75, 'Filled'),
(225, 2, 25, 4, 'Filled'),
(226, 2, 6, 4, 'Filled'),
(226, 6, 27, 3, 'Filled'),
(226, 7, 5, 3.75, 'Filled'),
(227, 5, 25, 3.75, 'Filled'),
(227, 6, 16, 3, 'Filled'),
(227, 4, 25, 3.75, 'Filled'),
(228, 4, 8, 3.75, 'Filled'),
(228, 6, 21, 3, 'Filled'),
(229, 3, 8, 4.5, 'Filled'),
(229, 5, 16, 3.75, 'Filled'),
(229, 2, 14, 4, 'Filled'),
(230, 3, 1, 4.5, 'Filled'),
(230, 4, 9, 3.75, 'Filled'),
(230, 2, 8, 4, 'Filled'),
(231, 3, 11, 4.5, 'Filled'),
(232, 4, 24, 3.75, 'Filled'),
(232, 7, 28, 3.75, 'Filled'),
(233, 4, 14, 3.75, 'Filled'),
(234, 2, 16, 4, 'Filled'),
(234, 7, 22, 3.75, 'Filled'),
(235, 4, 6, 3.75, 'Filled'),
(235, 5, 18, 3.75, 'Filled'),
(235, 3, 28, 4.5, 'Filled'),
(235, 7, 12, 3.75, 'Filled'),
(236, 7, 11, 3.75, 'Filled'),
(236, 6, 5, 3, 'Filled'),
(237, 7, 8, 3.75, 'Filled'),
(238, 7, 27, 3.75, 'Filled'),
(238, 5, 27, 3.75, 'Filled'),
(238, 4, 25, 3.75, 'Filled'),
(238, 2, 13, 4, 'Filled'),
(238, 3, 5, 4.5, 'Filled'),
(239, 4, 8, 3.75, 'Filled'),
(240, 3, 7, 4.5, 'Filled'),
(240, 5, 22, 3.75, 'Filled'),
(240, 2, 15, 4, 'Filled'),
(241, 4, 2, 3.75, 'Filled'),
(242, 6, 12, 3, 'Filled'),
(243, 6, 19, 3, 'Filled'),
(243, 7, 21, 3.75, 'Filled'),
(244, 5, 24, 3.75, 'Filled'),
(244, 4, 18, 3.75, 'Filled'),
(245, 3, 20, 4.5, 'Filled'),
(245, 5, 1, 3.75, 'Filled'),
(245, 4, 28, 3.75, 'Filled'),
(246, 5, 22, 3.75, 'Filled'),
(246, 2, 6, 4, 'Filled'),
(247, 7, 28, 3.75, 'Filled'),
(247, 4, 6, 3.75, 'Filled'),
(247, 6, 9, 3, 'Filled'),
(247, 2, 22, 4, 'Filled'),
(248, 6, 13, 3, 'Filled'),
(249, 5, 25, 3.75, 'Filled'),
(249, 6, 18, 3, 'Filled'),
(249, 2, 8, 4, 'Filled'),
(249, 3, 14, 4.5, 'Filled'),
(250, 2, 3, 4, 'Filled'),
(250, 7, 2, 3.75, 'Filled'),
(251, 5, 24, 3.75, 'Filled'),
(251, 7, 18, 3.75, 'Filled'),
(251, 3, 20, 4.5, 'Filled'),
(252, 6, 12, 3, 'Filled'),
(252, 2, 24, 4, 'Filled'),
(252, 4, 22, 3.75, 'Filled'),
(253, 2, 3, 4, 'Filled'),
(253, 7, 27, 3.75, 'Filled'),
(253, 6, 2, 3, 'Filled'),
(253, 4, 6, 3.75, 'Filled'),
(254, 6, 14, 3, 'Filled'),
(254, 3, 23, 4.5, 'Filled'),
(255, 2, 9, 4, 'Filled'),
(255, 3, 18, 4.5, 'Filled'),
(255, 7, 14, 3.75, 'Filled'),
(255, 5, 4, 3.75, 'Filled'),
(256, 6, 23, 3, 'Filled'),
(256, 7, 7, 3.75, 'Filled'),
(257, 4, 26, 3.75, 'Filled'),
(257, 6, 25, 3, 'Filled'),
(258, 6, 26, 3, 'Filled'),
(258, 4, 6, 3.75, 'Filled'),
(259, 4, 13, 3.75, 'Filled'),
(259, 2, 27, 4, 'Filled'),
(260, 2, 10, 4, 'Filled'),
(260, 3, 10, 4.5, 'Filled'),
(260, 4, 2, 3.75, 'Filled'),
(261, 7, 9, 3.75, 'Filled'),
(261, 6, 8, 3, 'Filled'),
(262, 5, 2, 3.75, 'Filled'),
(262, 6, 9, 3, 'Filled'),
(262, 7, 29, 3.75, 'Filled'),
(263, 3, 28, 4.5, 'Filled'),
(263, 4, 10, 3.75, 'Filled'),
(264, 3, 24, 4.5, 'Filled'),
(265, 3, 19, 4.5, 'Filled'),
(266, 5, 12, 3.75, 'Filled'),
(266, 2, 26, 4, 'Filled'),
(267, 4, 23, 3.75, 'Filled'),
(267, 2, 18, 4, 'Filled'),
(268, 7, 15, 3.75, 'Filled'),
(268, 3, 29, 4.5, 'Filled'),
(268, 4, 29, 3.75, 'Filled'),
(268, 6, 27, 3, 'Filled'),
(269, 2, 28, 4, 'Filled'),
(269, 6, 14, 3, 'Filled'),
(269, 3, 10, 4.5, 'Filled'),
(270, 3, 7, 4.5, 'Filled'),
(270, 4, 13, 3.75, 'Filled'),
(271, 3, 7, 4.5, 'Filled'),
(272, 6, 28, 3, 'Filled'),
(273, 4, 19, 3.75, 'Filled'),
(273, 7, 21, 3.75, 'Filled'),
(274, 5, 22, 3.75, 'Filled'),
(274, 2, 14, 4, 'Filled'),
(275, 3, 10, 4.5, 'Filled'),
(275, 4, 22, 3.75, 'Filled'),
(276, 6, 8, 3, 'Filled'),
(276, 5, 10, 3.75, 'Filled'),
(276, 3, 1, 4.5, 'Filled'),
(277, 2, 23, 4, 'Filled'),
(277, 4, 6, 3.75, 'Filled'),
(278, 6, 24, 3, 'Filled'),
(278, 5, 12, 3.75, 'Filled'),
(279, 7, 13, 3.75, 'Filled'),
(279, 2, 11, 4, 'Filled'),
(279, 6, 24, 3, 'Filled'),
(279, 3, 19, 4.5, 'Filled'),
(280, 6, 15, 3, 'Filled'),
(280, 3, 23, 4.5, 'Filled'),
(281, 7, 4, 3.75, 'Filled'),
(281, 3, 25, 4.5, 'Filled'),
(281, 2, 22, 4, 'Filled'),
(281, 6, 21, 3, 'Filled'),
(282, 2, 2, 4, 'Filled'),
(283, 2, 4, 4, 'Filled'),
(284, 5, 4, 3.75, 'Filled'),
(284, 6, 12, 3, 'Filled'),
(284, 7, 15, 3.75, 'Filled'),
(285, 7, 8, 3.75, 'Filled'),
(285, 5, 19, 3.75, 'Filled'),
(285, 4, 17, 3.75, 'Filled'),
(286, 6, 4, 3, 'Filled'),
(286, 7, 29, 3.75, 'Filled'),
(286, 2, 9, 4, 'Filled'),
(287, 4, 23, 3.75, 'Filled'),
(288, 5, 8, 3.75, 'Filled'),
(288, 7, 9, 3.75, 'Filled'),
(289, 4, 11, 3.75, 'Filled'),
(289, 3, 25, 4.5, 'Filled'),
(289, 2, 20, 4, 'Filled'),
(289, 7, 26, 3.75, 'Filled'),
(290, 7, 7, 3.75, 'Filled'),
(291, 4, 26, 3.75, 'Filled'),
(292, 5, 22, 3.75, 'Filled'),
(292, 2, 18, 4, 'Filled'),
(292, 6, 22, 3, 'Filled'),
(293, 3, 12, 4.5, 'Filled'),
(293, 2, 10, 4, 'Filled'),
(293, 5, 6, 3.75, 'Filled'),
(293, 6, 11, 3, 'Filled'),
(293, 4, 26, 3.75, 'Filled'),
(294, 6, 25, 3, 'Filled'),
(294, 2, 25, 4, 'Filled'),
(294, 5, 5, 3.75, 'Filled'),
(295, 5, 22, 3.75, 'Filled'),
(295, 2, 16, 4, 'Filled'),
(296, 5, 1, 3.75, 'Filled'),
(297, 6, 14, 3, 'Filled'),
(297, 7, 28, 3.75, 'Filled'),
(297, 2, 28, 4, 'Filled'),
(297, 5, 21, 3.75, 'Filled'),
(297, 3, 25, 4.5, 'Filled'),
(298, 2, 25, 4, 'Filled'),
(298, 7, 12, 3.75, 'Filled'),
(298, 3, 4, 4.5, 'Filled'),
(299, 3, 12, 4.5, 'Filled'),
(299, 4, 9, 3.75, 'Filled'),
(300, 4, 12, 3.75, 'Filled'),
(300, 5, 3, 3.75, 'Filled'),
(301, 4, 22, 3.75, 'Filled'),
(301, 3, 29, 4.5, 'Filled'),
(302, 5, 25, 3.75, 'Filled'),
(302, 3, 1, 4.5, 'Filled'),
(303, 4, 13, 3.75, 'Filled'),
(303, 6, 5, 3, 'Filled'),
(304, 3, 11, 4.5, 'Filled'),
(305, 7, 2, 3.75, 'Filled'),
(306, 2, 27, 4, 'Filled'),
(306, 7, 27, 3.75, 'Filled'),
(307, 6, 28, 3, 'Filled'),
(307, 5, 7, 3.75, 'Filled'),
(307, 3, 17, 4.5, 'Filled'),
(307, 2, 3, 4, 'Filled'),
(308, 3, 10, 4.5, 'Filled'),
(308, 7, 17, 3.75, 'Filled'),
(309, 6, 26, 3, 'Filled'),
(309, 7, 5, 3.75, 'Filled'),
(309, 2, 16, 4, 'Filled'),
(309, 4, 27, 3.75, 'Filled'),
(310, 6, 23, 3, 'Filled'),
(310, 7, 24, 3.75, 'Filled'),
(310, 4, 11, 3.75, 'Filled'),
(310, 3, 18, 4.5, 'Filled'),
(311, 2, 7, 4, 'Filled'),
(311, 7, 24, 3.75, 'Filled'),
(312, 6, 17, 3, 'Filled'),
(312, 3, 26, 4.5, 'Filled'),
(313, 4, 6, 3.75, 'Filled'),
(313, 3, 26, 4.5, 'Filled'),
(314, 2, 4, 4, 'Filled'),
(314, 4, 24, 3.75, 'Filled'),
(314, 5, 7, 3.75, 'Filled'),
(315, 5, 6, 3.75, 'Filled'),
(315, 4, 18, 3.75, 'Filled'),
(316, 7, 24, 3.75, 'Filled'),
(316, 4, 9, 3.75, 'Filled'),
(317, 6, 6, 3, 'Filled'),
(317, 5, 27, 3.75, 'Filled'),
(318, 5, 9, 3.75, 'Filled'),
(318, 2, 18, 4, 'Filled'),
(318, 6, 18, 3, 'Filled'),
(318, 3, 24, 4.5, 'Filled'),
(318, 4, 24, 3.75, 'Filled'),
(319, 2, 17, 4, 'Filled'),
(320, 6, 22, 3, 'Filled'),
(320, 2, 24, 4, 'Filled'),
(320, 4, 26, 3.75, 'Filled'),
(320, 7, 18, 3.75, 'Filled'),
(320, 3, 16, 4.5, 'Filled'),
(320, 5, 10, 3.75, 'Filled'),
(321, 5, 26, 3.75, 'Filled'),
(321, 7, 8, 3.75, 'Filled'),
(321, 6, 1, 3, 'Filled'),
(321, 2, 25, 4, 'Filled'),
(322, 4, 2, 3.75, 'Filled'),
(323, 2, 27, 4, 'Filled'),
(323, 3, 26, 4.5, 'Filled'),
(323, 5, 11, 3.75, 'Filled'),
(323, 6, 13, 3, 'Filled'),
(323, 7, 10, 3.75, 'Filled'),
(324, 6, 16, 3, 'Filled'),
(325, 2, 7, 4, 'Filled'),
(325, 4, 23, 3.75, 'Filled'),
(326, 7, 9, 3.75, 'Filled'),
(326, 6, 19, 3, 'Filled'),
(326, 5, 14, 3.75, 'Filled'),
(327, 3, 23, 4.5, 'Filled'),
(327, 4, 3, 3.75, 'Filled'),
(327, 5, 14, 3.75, 'Filled'),
(327, 2, 13, 4, 'Filled'),
(327, 7, 20, 3.75, 'Filled'),
(327, 6, 1, 3, 'Filled'),
(328, 4, 25, 3.75, 'Filled'),
(329, 2, 17, 4, 'Filled'),
(329, 4, 1, 3.75, 'Filled'),
(329, 6, 8, 3, 'Filled'),
(330, 5, 18, 3.75, 'Filled'),
(330, 6, 9, 3, 'Filled'),
(330, 7, 8, 3.75, 'Filled'),
(331, 3, 9, 4.5, 'Filled'),
(332, 7, 28, 3.75, 'Filled'),
(332, 5, 20, 3.75, 'Filled'),
(333, 3, 14, 4.5, 'Filled'),
(333, 7, 28, 3.75, 'Filled'),
(334, 5, 23, 3.75, 'Filled'),
(334, 2, 7, 4, 'Filled'),
(334, 7, 25, 3.75, 'Filled'),
(334, 4, 3, 3.75, 'Filled'),
(335, 4, 23, 3.75, 'Filled'),
(336, 5, 9, 3.75, 'Filled'),
(337, 3, 13, 4.5, 'Filled'),
(338, 5, 4, 3.75, 'Filled'),
(338, 3, 25, 4.5, 'Filled'),
(339, 5, 1, 3.75, 'Filled'),
(339, 6, 8, 3, 'Filled'),
(340, 4, 24, 3.75, 'Filled'),
(340, 3, 10, 4.5, 'Filled'),
(341, 6, 2, 3, 'Filled'),
(341, 7, 29, 3.75, 'Filled'),
(341, 2, 7, 4, 'Filled'),
(341, 3, 12, 4.5, 'Filled'),
(342, 6, 11, 3, 'Filled'),
(342, 4, 26, 3.75, 'Filled'),
(342, 5, 29, 3.75, 'Filled'),
(342, 7, 9, 3.75, 'Filled'),
(342, 2, 3, 4, 'Filled'),
(343, 7, 17, 3.75, 'Filled'),
(343, 3, 16, 4.5, 'Filled'),
(343, 4, 21, 3.75, 'Filled'),
(343, 2, 24, 4, 'Filled'),
(343, 5, 17, 3.75, 'Filled'),
(344, 5, 15, 3.75, 'Filled'),
(344, 3, 25, 4.5, 'Filled'),
(345, 6, 26, 3, 'Filled'),
(345, 7, 16, 3.75, 'Filled'),
(345, 4, 11, 3.75, 'Filled'),
(346, 5, 28, 3.75, 'Filled'),
(346, 4, 1, 3.75, 'Filled'),
(347, 7, 11, 3.75, 'Filled'),
(347, 6, 7, 3, 'Filled'),
(348, 2, 4, 4, 'Filled'),
(348, 3, 28, 4.5, 'Filled'),
(348, 5, 3, 3.75, 'Filled'),
(348, 6, 29, 3, 'Filled'),
(349, 5, 11, 3.75, 'Filled'),
(350, 5, 11, 3.75, 'Filled'),
(350, 3, 7, 4.5, 'Filled'),
(350, 4, 28, 3.75, 'Filled'),
(351, 3, 28, 4.5, 'Filled'),
(352, 2, 12, 4, 'Filled'),
(352, 4, 22, 3.75, 'Filled'),
(353, 6, 19, 3, 'Filled'),
(353, 2, 21, 4, 'Filled'),
(353, 5, 7, 3.75, 'Filled'),
(354, 6, 29, 3, 'Filled'),
(355, 7, 2, 3.75, 'Filled'),
(355, 5, 9, 3.75, 'Filled'),
(355, 3, 16, 4.5, 'Filled'),
(356, 2, 3, 4, 'Filled'),
(357, 3, 18, 4.5, 'Filled'),
(357, 7, 29, 3.75, 'Filled'),
(358, 7, 7, 3.75, 'Filled'),
(359, 3, 2, 4.5, 'Filled'),
(359, 4, 13, 3.75, 'Filled'),
(359, 5, 4, 3.75, 'Filled'),
(359, 6, 20, 3, 'Filled'),
(360, 5, 25, 3.75, 'Filled'),
(360, 6, 26, 3, 'Filled'),
(360, 3, 1, 4.5, 'Filled'),
(361, 7, 21, 3.75, 'Filled'),
(361, 2, 13, 4, 'Filled'),
(361, 6, 10, 3, 'Filled'),
(361, 3, 14, 4.5, 'Filled'),
(362, 4, 17, 3.75, 'Filled'),
(362, 5, 28, 3.75, 'Filled'),
(363, 4, 15, 3.75, 'Filled'),
(364, 4, 3, 3.75, 'Filled'),
(364, 7, 11, 3.75, 'Filled'),
(365, 4, 19, 3.75, 'Filled'),
(366, 6, 7, 3, 'Filled'),
(366, 5, 5, 3.75, 'Filled'),
(366, 7, 16, 3.75, 'Filled'),
(367, 4, 27, 3.75, 'Filled'),
(367, 7, 21, 3.75, 'Filled'),
(367, 2, 27, 4, 'Filled'),
(368, 3, 14, 4.5, 'Filled'),
(369, 7, 22, 3.75, 'Filled'),
(370, 2, 21, 4, 'Filled'),
(371, 7, 27, 3.75, 'Filled'),
(371, 5, 2, 3.75, 'Filled'),
(372, 7, 3, 3.75, 'Filled'),
(372, 2, 26, 4, 'Filled'),
(373, 6, 10, 3, 'Filled'),
(373, 4, 20, 3.75, 'Filled'),
(373, 5, 16, 3.75, 'Filled'),
(373, 3, 22, 4.5, 'Filled'),
(374, 6, 2, 3, 'Filled'),
(374, 7, 22, 3.75, 'Filled'),
(375, 5, 6, 3.75, 'Filled'),
(375, 4, 22, 3.75, 'Filled'),
(375, 7, 22, 3.75, 'Filled'),
(375, 2, 24, 4, 'Filled'),
(375, 6, 5, 3, 'Filled'),
(376, 2, 13, 4, 'Filled'),
(376, 6, 24, 3, 'Filled'),
(377, 5, 16, 3.75, 'Filled'),
(377, 2, 24, 4, 'Filled'),
(378, 5, 14, 3.75, 'Filled'),
(378, 2, 22, 4, 'Filled'),
(378, 6, 22, 3, 'Filled'),
(379, 4, 12, 3.75, 'Filled'),
(379, 5, 13, 3.75, 'Filled'),
(379, 3, 14, 4.5, 'Filled'),
(380, 2, 25, 4, 'Filled'),
(380, 4, 15, 3.75, 'Filled'),
(380, 3, 21, 4.5, 'Filled'),
(381, 4, 12, 3.75, 'Filled'),
(381, 7, 27, 3.75, 'Filled'),
(381, 3, 24, 4.5, 'Filled'),
(381, 2, 26, 4, 'Filled'),
(381, 6, 26, 3, 'Filled'),
(382, 7, 13, 3.75, 'Filled'),
(383, 4, 23, 3.75, 'Filled'),
(384, 4, 3, 3.75, 'Filled'),
(384, 5, 6, 3.75, 'Filled'),
(384, 7, 22, 3.75, 'Filled'),
(385, 2, 24, 4, 'Filled'),
(385, 4, 28, 3.75, 'Filled'),
(386, 5, 1, 3.75, 'Filled'),
(386, 6, 29, 3, 'Filled'),
(386, 3, 24, 4.5, 'Filled'),
(386, 4, 17, 3.75, 'Filled'),
(387, 2, 24, 4, 'Filled'),
(388, 5, 27, 3.75, 'Filled'),
(389, 3, 10, 4.5, 'Filled'),
(390, 5, 16, 3.75, 'Filled'),
(390, 3, 27, 4.5, 'Filled'),
(390, 6, 24, 3, 'Filled'),
(391, 2, 20, 4, 'Filled'),
(392, 6, 8, 3, 'Filled'),
(392, 7, 6, 3.75, 'Filled'),
(393, 4, 19, 3.75, 'Filled'),
(393, 5, 23, 3.75, 'Filled'),
(393, 3, 24, 4.5, 'Filled'),
(393, 6, 12, 3, 'Filled'),
(393, 7, 22, 3.75, 'Filled'),
(394, 2, 3, 4, 'Filled'),
(395, 6, 13, 3, 'Filled'),
(395, 2, 5, 4, 'Filled'),
(395, 4, 7, 3.75, 'Filled'),
(396, 6, 25, 3, 'Filled'),
(396, 2, 9, 4, 'Filled'),
(396, 4, 29, 3.75, 'Filled'),
(396, 5, 11, 3.75, 'Filled'),
(396, 3, 28, 4.5, 'Filled'),
(397, 6, 17, 3, 'Filled'),
(397, 7, 28, 3.75, 'Filled'),
(398, 3, 4, 4.5, 'Filled'),
(399, 7, 15, 3.75, 'Filled'),
(399, 5, 1, 3.75, 'Filled'),
(399, 6, 7, 3, 'Filled'),
(400, 3, 2, 4.5, 'Filled'),
(400, 5, 9, 3.75, 'Filled'),
(400, 2, 5, 4, 'Filled'),
(401, 6, 6, 3, 'Filled'),
(401, 2, 29, 4, 'Filled'),
(401, 7, 9, 3.75, 'Filled'),
(401, 5, 2, 3.75, 'Filled'),
(402, 4, 10, 3.75, 'Filled'),
(402, 6, 23, 3, 'Filled'),
(402, 2, 10, 4, 'Filled'),
(403, 3, 20, 4.5, 'Filled'),
(404, 3, 22, 4.5, 'Filled'),
(404, 7, 5, 3.75, 'Filled'),
(404, 5, 14, 3.75, 'Filled'),
(404, 4, 1, 3.75, 'Filled'),
(404, 2, 23, 4, 'Filled'),
(405, 3, 9, 4.5, 'Filled'),
(405, 4, 6, 3.75, 'Filled'),
(405, 2, 10, 4, 'Filled'),
(405, 5, 18, 3.75, 'Filled'),
(406, 5, 25, 3.75, 'Filled'),
(406, 3, 5, 4.5, 'Filled'),
(407, 4, 2, 3.75, 'Filled'),
(407, 6, 16, 3, 'Filled'),
(408, 4, 7, 3.75, 'Filled'),
(408, 3, 21, 4.5, 'Filled'),
(409, 3, 6, 4.5, 'Filled'),
(409, 6, 9, 3, 'Filled'),
(409, 2, 17, 4, 'Filled'),
(410, 5, 4, 3.75, 'Filled'),
(410, 7, 2, 3.75, 'Filled'),
(411, 2, 20, 4, 'Filled'),
(412, 4, 12, 3.75, 'Filled'),
(412, 6, 29, 3, 'Filled'),
(413, 5, 5, 3.75, 'Filled'),
(413, 7, 27, 3.75, 'Filled'),
(414, 4, 2, 3.75, 'Filled'),
(414, 7, 11, 3.75, 'Filled'),
(415, 2, 23, 4, 'Filled'),
(415, 6, 13, 3, 'Filled'),
(416, 6, 14, 3, 'Filled'),
(416, 5, 17, 3.75, 'Filled'),
(417, 3, 7, 4.5, 'Filled'),
(418, 7, 17, 3.75, 'Filled'),
(419, 3, 20, 4.5, 'Filled'),
(419, 7, 13, 3.75, 'Filled'),
(420, 7, 14, 3.75, 'Filled'),
(421, 2, 4, 4, 'Filled'),
(421, 4, 20, 3.75, 'Filled'),
(422, 4, 6, 3.75, 'Filled'),
(423, 4, 14, 3.75, 'Filled'),
(423, 5, 22, 3.75, 'Filled'),
(423, 2, 22, 4, 'Filled'),
(423, 6, 14, 3, 'Filled'),
(423, 3, 19, 4.5, 'Filled'),
(423, 7, 11, 3.75, 'Filled'),
(424, 2, 18, 4, 'Filled'),
(424, 7, 18, 3.75, 'Filled'),
(424, 3, 3, 4.5, 'Filled'),
(425, 2, 21, 4, 'Filled'),
(425, 5, 10, 3.75, 'Filled'),
(426, 7, 12, 3.75, 'Filled'),
(426, 4, 26, 3.75, 'Filled'),
(426, 6, 4, 3, 'Filled'),
(427, 3, 1, 4.5, 'Filled'),
(427, 2, 27, 4, 'Filled'),
(427, 7, 17, 3.75, 'Filled'),
(427, 5, 7, 3.75, 'Filled'),
(428, 3, 20, 4.5, 'Filled'),
(428, 7, 15, 3.75, 'Filled'),
(429, 5, 14, 3.75, 'Filled'),
(429, 7, 25, 3.75, 'Filled'),
(429, 2, 28, 4, 'Filled'),
(429, 3, 3, 4.5, 'Filled'),
(429, 6, 17, 3, 'Filled'),
(430, 6, 1, 3, 'Filled'),
(431, 5, 10, 3.75, 'Filled'),
(432, 7, 11, 3.75, 'Filled'),
(433, 3, 12, 4.5, 'Filled'),
(433, 4, 16, 3.75, 'Filled'),
(434, 6, 12, 3, 'Filled'),
(434, 2, 29, 4, 'Filled'),
(435, 5, 4, 3.75, 'Filled'),
(436, 7, 9, 3.75, 'Filled'),
(436, 3, 17, 4.5, 'Filled'),
(436, 4, 2, 3.75, 'Filled'),
(437, 6, 15, 3, 'Filled'),
(437, 4, 24, 3.75, 'Filled'),
(438, 4, 28, 3.75, 'Filled'),
(438, 6, 25, 3, 'Filled'),
(438, 5, 6, 3.75, 'Filled'),
(439, 3, 22, 4.5, 'Filled'),
(439, 4, 14, 3.75, 'Filled'),
(439, 7, 7, 3.75, 'Filled'),
(439, 5, 8, 3.75, 'Filled'),
(439, 2, 20, 4, 'Filled'),
(440, 2, 7, 4, 'Filled'),
(440, 6, 12, 3, 'Filled'),
(441, 2, 26, 4, 'Filled'),
(441, 3, 29, 4.5, 'Filled'),
(441, 6, 13, 3, 'Filled'),
(442, 5, 27, 3.75, 'Filled'),
(442, 2, 6, 4, 'Filled'),
(442, 6, 9, 3, 'Filled'),
(443, 5, 4, 3.75, 'Filled'),
(444, 7, 8, 3.75, 'Filled'),
(444, 2, 6, 4, 'Filled'),
(444, 6, 22, 3, 'Filled'),
(444, 4, 1, 3.75, 'Filled'),
(445, 7, 25, 3.75, 'Filled'),
(445, 6, 25, 3, 'Filled'),
(445, 2, 5, 4, 'Filled'),
(445, 4, 11, 3.75, 'Filled'),
(446, 6, 28, 3, 'Filled'),
(446, 3, 22, 4.5, 'Filled'),
(446, 4, 12, 3.75, 'Filled'),
(447, 7, 27, 3.75, 'Filled'),
(448, 2, 20, 4, 'Filled'),
(448, 4, 28, 3.75, 'Filled'),
(448, 6, 18, 3, 'Filled'),
(449, 4, 19, 3.75, 'Filled'),
(450, 7, 16, 3.75, 'Filled'),
(450, 5, 15, 3.75, 'Filled'),
(451, 3, 6, 4.5, 'Filled'),
(452, 6, 17, 3, 'Filled'),
(453, 7, 29, 3.75, 'Filled');

-- --------------------------------------------------------

--
-- Table structure for table `ordersummary`
--

CREATE TABLE `ordersummary` (
  `OrderID` int NOT NULL,
  `CustomerID` int NOT NULL,
  `EmployeeID` int NOT NULL,
  `OrderDate` timestamp NOT NULL DEFAULT CURRENT_TIMESTAMP,
  `OrderTotalPrice` double NOT NULL
) ENGINE=InnoDB DEFAULT CHARSET=utf8mb4 COLLATE=utf8mb4_general_ci;

--
-- Dumping data for table `ordersummary`
--

INSERT INTO `ordersummary` (`OrderID`, `CustomerID`, `EmployeeID`, `OrderDate`, `OrderTotalPrice`) VALUES
(100, 4, 4, '2021-11-01 16:19:00', 224.25),
(101, 4, 6, '2021-11-02 12:14:40', 18),
(102, 3, 5, '2021-11-03 13:17:05', 187.5),
(103, 2, 5, '2021-11-03 13:53:35', 213),
(104, 4, 6, '2021-11-03 08:22:36', 372.5),
(105, 3, 6, '2021-11-04 17:13:46', 194.5),
(106, 2, 5, '2021-11-05 09:21:32', 187.25),
(107, 3, 6, '2021-11-05 07:25:39', 63),
(108, 2, 5, '2021-11-06 07:05:28', 55.75),
(109, 3, 5, '2021-11-06 10:04:47', 260.75),
(110, 2, 4, '2021-11-07 11:21:15', 225.75),
(111, 4, 4, '2021-11-07 13:36:51', 56.25),
(112, 2, 4, '2021-11-08 09:46:57', 70.5),
(113, 3, 6, '2021-11-08 07:53:20', 178.25),
(114, 4, 4, '2021-11-08 14:03:28', 81),
(115, 3, 5, '2021-11-09 13:15:40', 158.75),
(116, 2, 4, '2021-11-10 08:26:35', 36),
(117, 2, 4, '2021-11-11 14:59:15', 177.75),
(118, 3, 6, '2021-11-12 11:50:19', 313.25),
(119, 4, 4, '2021-11-12 17:45:33', 288),
(120, 3, 5, '2021-11-13 09:43:59', 78.75),
(121, 4, 5, '2021-11-14 08:39:26', 61),
(122, 2, 4, '2021-11-14 10:58:54', 228.5),
(123, 3, 4, '2021-11-15 13:25:07', 24.75),
(124, 2, 6, '2021-11-16 13:19:08', 157.5),
(125, 2, 5, '2021-11-16 16:26:09', 214.5),
(126, 3, 5, '2021-11-16 16:43:52', 104.25),
(127, 2, 6, '2021-11-17 13:49:45', 178),
(128, 4, 6, '2021-11-17 15:45:30', 122.25),
(129, 3, 5, '2021-11-17 09:06:15', 213.25),
(130, 3, 5, '2021-11-17 10:37:29', 209),
(131, 2, 6, '2021-11-17 17:53:44', 329.5),
(132, 3, 5, '2021-11-18 08:06:06', 215.25),
(133, 3, 4, '2021-11-18 13:23:23', 251.25),
(134, 3, 6, '2021-11-18 15:56:52', 187),
(135, 4, 6, '2021-11-18 16:39:10', 18.75),
(136, 4, 4, '2021-11-19 07:38:37', 9),
(137, 3, 4, '2021-11-19 09:08:04', 67.5),
(138, 2, 6, '2021-11-19 15:04:44', 210),
(139, 3, 5, '2021-11-20 08:05:25', 259.5),
(140, 4, 6, '2021-11-20 15:17:08', 52.75),
(141, 2, 5, '2021-11-21 14:43:31', 350.75),
(142, 2, 4, '2021-11-21 07:08:02', 57.75),
(143, 4, 4, '2021-11-22 13:52:18', 33.75),
(144, 3, 5, '2021-11-22 11:07:29', 117),
(145, 3, 6, '2021-11-23 11:28:47', 167.25),
(146, 3, 5, '2021-11-23 14:10:18', 223.25),
(147, 3, 6, '2021-11-24 10:14:16', 142.5),
(148, 2, 6, '2021-11-24 16:47:11', 355.5),
(149, 3, 6, '2021-11-25 14:30:10', 81),
(150, 3, 4, '2021-11-25 15:59:07', 15),
(151, 2, 4, '2021-11-26 13:43:45', 211.5),
(152, 4, 4, '2021-11-27 12:22:42', 90),
(153, 2, 5, '2021-11-27 11:11:09', 216.75),
(154, 2, 5, '2021-11-28 08:17:20', 451.75),
(155, 4, 5, '2021-11-28 11:48:16', 266.5),
(156, 2, 6, '2021-11-28 17:06:27', 246.75),
(157, 3, 5, '2021-11-29 15:05:01', 100),
(158, 2, 6, '2021-11-29 17:54:32', 82.75),
(159, 2, 6, '2021-11-30 12:48:17', 206.25),
(160, 3, 6, '2021-11-30 16:01:48', 27),
(161, 4, 4, '2021-11-30 16:10:46', 198),
(162, 4, 6, '2021-11-30 17:08:15', 22.5),
(163, 4, 4, '2021-12-01 07:32:11', 164.25),
(164, 3, 4, '2021-12-01 10:09:22', 100.5),
(165, 3, 4, '2021-12-02 15:19:49', 228.5),
(166, 4, 6, '2021-12-02 15:31:00', 224.25),
(167, 2, 6, '2021-12-03 13:37:19', 131.25),
(168, 3, 6, '2021-12-04 07:45:57', 247.25),
(169, 4, 6, '2021-12-04 17:41:48', 247),
(170, 4, 4, '2021-12-05 17:10:26', 210),
(171, 3, 6, '2021-12-06 15:55:33', 198.75),
(172, 4, 6, '2021-12-07 12:50:12', 22.5),
(173, 3, 4, '2021-12-07 13:08:41', 144.75),
(174, 3, 5, '2021-12-08 08:50:18', 120),
(175, 2, 4, '2021-12-09 08:42:44', 120),
(176, 4, 6, '2021-12-09 13:32:54', 172.5),
(177, 2, 5, '2021-12-10 09:45:37', 24),
(178, 2, 6, '2021-12-11 07:35:39', 71.25),
(179, 2, 5, '2021-12-11 11:43:25', 192.75),
(180, 3, 4, '2021-12-12 08:25:37', 374.25),
(181, 4, 4, '2021-12-12 18:33:26', 185.75),
(182, 3, 4, '2021-12-13 13:12:05', 105),
(183, 2, 6, '2021-12-14 12:25:14', 223.25),
(184, 4, 4, '2021-12-14 11:11:14', 64.5),
(185, 4, 6, '2021-12-14 16:27:47', 325),
(186, 2, 6, '2021-12-15 07:13:15', 141),
(187, 4, 4, '2021-12-16 15:01:52', 188.5),
(188, 4, 4, '2021-12-16 07:55:35', 33),
(189, 4, 5, '2021-12-17 18:57:59', 317),
(190, 3, 6, '2021-12-17 10:26:54', 210),
(191, 3, 6, '2021-12-18 11:47:21', 86.25),
(192, 2, 4, '2021-12-18 17:38:57', 92),
(193, 2, 4, '2021-12-18 12:33:55', 24),
(194, 2, 4, '2021-12-18 17:22:07', 87.75),
(195, 4, 4, '2021-12-19 13:10:49', 211.75),
(196, 4, 6, '2021-12-19 13:32:44', 27),
(197, 2, 6, '2021-12-20 18:29:31', 127),
(198, 4, 4, '2021-12-21 13:12:06', 216.75),
(199, 4, 4, '2021-12-22 11:43:02', 38.75),
(200, 2, 6, '2021-12-22 13:10:51', 108),
(201, 2, 5, '2021-12-22 13:41:58', 106),
(202, 3, 5, '2021-12-23 17:55:39', 113.25),
(203, 2, 5, '2021-12-24 08:52:28', 50.25),
(204, 3, 4, '2021-12-24 07:11:44', 124.5),
(205, 3, 5, '2021-12-25 13:20:38', 75),
(206, 4, 5, '2021-12-26 18:28:10', 71.25),
(207, 4, 5, '2021-12-26 12:19:58', 45),
(208, 3, 4, '2021-12-27 11:35:22', 11.25),
(209, 3, 4, '2021-12-27 16:51:12', 102.25),
(210, 3, 4, '2021-12-28 18:06:42', 216),
(211, 2, 4, '2021-12-28 10:11:38', 376),
(212, 4, 6, '2021-12-28 11:17:21', 75),
(213, 3, 5, '2021-12-29 10:01:25', 311),
(214, 2, 6, '2021-12-30 08:03:22', 117.25),
(215, 3, 4, '2021-12-30 10:59:07', 195.75),
(216, 3, 6, '2021-12-31 09:08:31', 50.25),
(217, 2, 4, '2021-12-31 15:47:55', 251),
(218, 3, 4, '2022-01-01 08:56:33', 11.25),
(219, 2, 6, '2022-01-01 14:17:56', 70.25),
(220, 3, 5, '2022-01-02 08:50:59', 60),
(221, 4, 5, '2022-01-02 16:57:35', 278.75),
(222, 3, 4, '2022-01-03 17:14:57', 284.5),
(223, 3, 4, '2022-01-04 18:54:44', 65),
(224, 4, 4, '2022-01-04 14:40:55', 26.25),
(225, 4, 5, '2022-01-05 09:33:39', 328.75),
(226, 2, 6, '2022-01-06 10:56:04', 123.75),
(227, 4, 4, '2022-01-06 08:50:17', 235.5),
(228, 4, 6, '2022-01-06 16:09:38', 93),
(229, 2, 6, '2022-01-07 09:54:13', 152),
(230, 3, 5, '2022-01-07 13:03:33', 70.25),
(231, 3, 4, '2022-01-08 12:33:58', 49.5),
(232, 3, 4, '2022-01-09 08:38:30', 195),
(233, 2, 6, '2022-01-09 11:28:45', 52.5),
(234, 4, 6, '2022-01-10 09:37:30', 146.5),
(235, 3, 6, '2022-01-10 12:25:16', 261),
(236, 4, 4, '2022-01-11 07:18:05', 56.25),
(237, 4, 5, '2022-01-12 11:15:38', 30),
(238, 2, 4, '2022-01-12 18:10:46', 370.75),
(239, 4, 5, '2022-01-12 17:29:46', 30),
(240, 3, 4, '2022-01-13 16:21:59', 174),
(241, 2, 5, '2022-01-13 13:03:43', 7.5),
(242, 4, 5, '2022-01-14 16:15:13', 36),
(243, 2, 5, '2022-01-15 11:39:49', 135.75),
(244, 4, 5, '2022-01-15 13:37:25', 157.5),
(245, 2, 6, '2022-01-15 13:56:28', 198.75),
(246, 3, 6, '2022-01-15 15:02:46', 106.5),
(247, 4, 5, '2022-01-16 13:41:39', 242.5),
(248, 4, 6, '2022-01-17 12:01:36', 39),
(249, 4, 5, '2022-01-17 14:19:41', 242.75),
(250, 4, 5, '2022-01-17 16:48:32', 19.5),
(251, 3, 5, '2022-01-17 17:36:29', 247.5),
(252, 3, 5, '2022-01-18 10:00:59', 214.5),
(253, 4, 4, '2022-01-18 17:46:44', 141.75),
(254, 2, 6, '2022-01-19 18:26:29', 145.5),
(255, 2, 5, '2022-01-20 13:08:20', 184.5),
(256, 2, 5, '2022-01-20 10:24:21', 95.25),
(257, 3, 4, '2022-01-21 10:44:11', 172.5),
(258, 2, 4, '2022-01-21 07:21:21', 100.5),
(259, 3, 5, '2022-01-22 12:18:22', 156.75),
(260, 3, 6, '2022-01-22 10:18:33', 92.5),
(261, 3, 6, '2022-01-22 13:28:29', 57.75),
(262, 2, 5, '2022-01-23 07:12:54', 143.25),
(263, 4, 6, '2022-01-23 18:55:47', 163.5),
(264, 3, 4, '2022-01-24 13:27:00', 108),
(265, 3, 5, '2022-01-25 18:46:16', 85.5),
(266, 3, 5, '2022-01-25 13:56:40', 149),
(267, 2, 4, '2022-01-26 07:11:40', 158.25),
(268, 4, 6, '2022-01-26 10:10:00', 376.5),
(269, 3, 4, '2022-01-26 10:39:00', 199),
(270, 3, 5, '2022-01-26 14:04:55', 80.25),
(271, 4, 5, '2022-01-27 07:06:33', 31.5),
(272, 4, 4, '2022-01-27 08:22:45', 84),
(273, 3, 5, '2022-01-28 18:04:15', 150),
(274, 4, 5, '2022-01-28 09:22:54', 138.5),
(275, 4, 5, '2022-01-29 15:37:48', 127.5),
(276, 3, 6, '2022-01-29 14:18:05', 66),
(277, 4, 4, '2022-01-30 18:39:01', 114.5),
(278, 2, 4, '2022-01-30 14:50:27', 117),
(279, 4, 5, '2022-01-31 13:30:17', 250.25),
(280, 3, 5, '2022-02-01 07:08:54', 148.5),
(281, 4, 5, '2022-02-02 11:56:23', 278.5),
(282, 4, 5, '2022-02-02 12:05:07', 8),
(283, 2, 4, '2022-02-03 07:49:26', 16),
(284, 3, 4, '2022-02-04 15:30:49', 107.25),
(285, 2, 5, '2022-02-04 13:15:22', 165),
(286, 2, 5, '2022-02-05 09:08:06', 156.75),
(287, 2, 4, '2022-02-05 10:23:03', 86.25),
(288, 3, 4, '2022-02-06 17:20:29', 63.75),
(289, 3, 5, '2022-02-06 17:30:21', 331.25),
(290, 3, 6, '2022-02-06 11:58:24', 26.25),
(291, 3, 4, '2022-02-07 10:53:35', 97.5),
(292, 3, 5, '2022-02-07 15:13:03', 220.5),
(293, 2, 6, '2022-02-08 12:43:44', 247),
(294, 2, 5, '2022-02-09 07:44:00', 193.75),
(295, 4, 5, '2022-02-09 12:33:37', 146.5),
(296, 4, 6, '2022-02-10 09:07:23', 3.75),
(297, 3, 6, '2022-02-11 07:50:34', 450.25),
(298, 2, 4, '2022-02-11 07:08:19', 163),
(299, 4, 4, '2022-02-12 10:37:25', 87.75),
(300, 4, 6, '2022-02-13 18:02:32', 56.25),
(301, 4, 4, '2022-02-13 16:55:25', 213),
(302, 3, 5, '2022-02-13 09:05:54', 98.25),
(303, 3, 5, '2022-02-14 15:47:38', 63.75),
(304, 4, 4, '2022-02-14 11:39:04', 49.5),
(305, 4, 5, '2022-02-15 15:30:35', 7.5),
(306, 2, 5, '2022-02-15 08:26:15', 209.25),
(307, 2, 4, '2022-02-16 13:45:39', 198.75),
(308, 3, 4, '2022-02-16 09:46:01', 108.75),
(309, 2, 4, '2022-02-17 16:11:19', 262),
(310, 3, 4, '2022-02-17 12:24:11', 281.25),
(311, 4, 4, '2022-02-18 15:53:24', 118),
(312, 3, 5, '2022-02-19 13:59:07', 168),
(313, 4, 6, '2022-02-20 13:19:40', 139.5),
(314, 3, 6, '2022-02-21 10:23:59', 132.25),
(315, 2, 4, '2022-02-21 13:36:57', 90),
(316, 3, 6, '2022-02-21 14:59:36', 123.75),
(317, 4, 5, '2022-02-22 16:20:48', 119.25),
(318, 3, 6, '2022-02-22 15:42:19', 357.75),
(319, 2, 6, '2022-02-23 11:26:06', 68),
(320, 2, 5, '2022-02-24 09:28:17', 436.5),
(321, 3, 5, '2022-02-25 09:19:59', 230.5),
(322, 3, 4, '2022-02-25 18:54:37', 7.5),
(323, 3, 4, '2022-02-26 15:58:37', 342.75),
(324, 3, 5, '2022-02-27 12:04:54', 48),
(325, 4, 4, '2022-02-27 09:06:07', 114.25),
(326, 4, 5, '2022-02-28 11:50:25', 143.25),
(327, 3, 4, '2022-02-28 13:27:09', 297.25),
(328, 3, 5, '2022-02-28 16:33:19', 93.75),
(329, 3, 5, '2022-03-01 09:04:11', 95.75),
(330, 3, 6, '2022-03-02 18:12:00', 124.5),
(331, 2, 4, '2022-03-02 07:54:35', 40.5),
(332, 3, 5, '2022-03-02 14:35:26', 180),
(333, 3, 4, '2022-03-03 18:45:07', 168),
(334, 4, 5, '2022-03-04 10:22:01', 219.25),
(335, 3, 5, '2022-03-05 07:46:32', 86.25),
(336, 4, 4, '2022-03-05 09:04:31', 33.75),
(337, 2, 4, '2022-03-06 16:46:06', 58.5),
(338, 2, 5, '2022-03-07 13:59:20', 127.5),
(339, 2, 6, '2022-03-07 15:45:59', 27.75),
(340, 2, 5, '2022-03-08 13:01:14', 135),
(341, 2, 4, '2022-03-08 08:10:36', 196.75),
(342, 4, 6, '2022-03-08 13:27:49', 285),
(343, 3, 4, '2022-03-09 14:51:45', 374.25),
(344, 2, 5, '2022-03-09 08:06:24', 168.75),
(345, 3, 5, '2022-03-10 16:20:20', 179.25),
(346, 4, 6, '2022-03-11 14:31:42', 108.75),
(347, 4, 5, '2022-03-12 07:26:57', 62.25),
(348, 2, 5, '2022-03-13 17:45:15', 240.25),
(349, 3, 6, '2022-03-13 13:30:48', 41.25),
(350, 3, 6, '2022-03-13 16:41:06', 177.75),
(351, 2, 4, '2022-03-14 17:02:47', 126),
(352, 3, 6, '2022-03-14 16:49:24', 130.5),
(353, 4, 6, '2022-03-15 11:04:15', 167.25),
(354, 2, 6, '2022-03-15 13:21:46', 87),
(355, 2, 6, '2022-03-15 17:44:35', 113.25),
(356, 4, 6, '2022-03-15 08:24:56', 12),
(357, 2, 6, '2022-03-15 14:39:46', 189.75),
(358, 4, 5, '2022-03-16 08:44:18', 26.25),
(359, 2, 4, '2022-03-16 13:42:32', 132.75),
(360, 3, 4, '2022-03-16 14:31:27', 176.25),
(361, 3, 5, '2022-03-16 07:07:46', 223.75),
(362, 4, 5, '2022-03-17 11:17:56', 168.75),
(363, 3, 6, '2022-03-17 16:06:02', 56.25),
(364, 4, 6, '2022-03-18 11:43:19', 52.5),
(365, 2, 4, '2022-03-18 14:01:35', 71.25),
(366, 4, 6, '2022-03-19 17:42:46', 99.75),
(367, 3, 4, '2022-03-19 08:12:10', 288),
(368, 3, 6, '2022-03-19 13:22:41', 63),
(369, 3, 6, '2022-03-19 14:50:51', 82.5),
(370, 4, 6, '2022-03-20 09:33:21', 84),
(371, 2, 4, '2022-03-21 17:41:59', 108.75),
(372, 2, 4, '2022-03-21 13:51:56', 115.25),
(373, 2, 5, '2022-03-22 17:22:18', 264),
(374, 4, 4, '2022-03-23 17:19:13', 88.5),
(375, 3, 5, '2022-03-23 15:05:10', 298.5),
(376, 2, 6, '2022-03-24 07:29:03', 124),
(377, 2, 5, '2022-03-24 13:41:23', 156),
(378, 3, 5, '2022-03-25 10:30:51', 206.5),
(379, 4, 4, '2022-03-26 08:55:39', 156.75),
(380, 3, 4, '2022-03-26 07:48:06', 250.75),
(381, 4, 5, '2022-03-27 08:16:03', 436.25),
(382, 2, 4, '2022-03-27 12:11:47', 48.75),
(383, 2, 6, '2022-03-28 10:50:55', 86.25),
(384, 3, 6, '2022-03-28 06:59:26', 116.25),
(385, 4, 4, '2022-03-29 17:31:49', 201),
(386, 4, 6, '2022-03-29 07:18:02', 262.5),
(387, 2, 4, '2022-03-30 06:37:24', 96),
(388, 4, 5, '2022-03-30 08:13:48', 101.25),
(389, 2, 6, '2022-03-31 15:06:07', 45),
(390, 3, 4, '2022-04-01 13:15:15', 253.5),
(391, 3, 6, '2022-04-01 15:52:13', 80),
(392, 2, 5, '2022-04-02 16:38:18', 46.5),
(393, 2, 5, '2022-04-03 11:14:49', 384),
(394, 2, 4, '2022-04-03 15:50:56', 12),
(395, 3, 4, '2022-04-04 13:18:39', 85.25),
(396, 3, 5, '2022-04-05 09:13:50', 387),
(397, 3, 4, '2022-04-05 10:44:53', 156),
(398, 2, 5, '2022-04-06 17:35:41', 18),
(399, 2, 4, '2022-04-06 14:27:06', 81),
(400, 2, 5, '2022-04-06 16:51:31', 62.75),
(401, 2, 6, '2022-04-07 11:25:09', 175.25),
(402, 3, 5, '2022-04-07 14:38:27', 146.5),
(403, 2, 4, '2022-04-08 11:17:48', 90),
(404, 3, 6, '2022-04-08 09:56:04', 266),
(405, 3, 5, '2022-04-09 09:54:56', 170.5),
(406, 3, 5, '2022-04-09 14:42:03', 116.25),
(407, 4, 5, '2022-04-10 13:20:40', 55.5),
(408, 3, 6, '2022-04-11 17:19:35', 120.75),
(409, 4, 6, '2022-04-12 15:28:13', 122),
(410, 3, 6, '2022-04-13 06:40:30', 22.5),
(411, 2, 4, '2022-04-13 11:49:16', 80),
(412, 4, 5, '2022-04-13 10:24:13', 132),
(413, 2, 6, '2022-04-14 10:07:48', 120),
(414, 2, 6, '2022-04-15 08:41:19', 48.75),
(415, 2, 6, '2022-04-15 17:46:26', 131),
(416, 4, 4, '2022-04-16 09:24:36', 105.75),
(417, 2, 4, '2022-04-16 16:19:50', 31.5),
(418, 2, 4, '2022-04-16 08:46:29', 63.75),
(419, 2, 6, '2022-04-17 07:18:54', 138.75),
(420, 2, 5, '2022-04-18 16:58:25', 52.5),
(421, 4, 4, '2022-04-19 06:51:47', 91),
(422, 2, 5, '2022-04-19 15:37:05', 22.5),
(423, 4, 6, '2022-04-19 16:38:27', 391.75),
(424, 4, 6, '2022-04-20 12:29:15', 153),
(425, 3, 5, '2022-04-21 09:04:19', 121.5),
(426, 2, 4, '2022-04-21 15:36:38', 154.5),
(427, 4, 6, '2022-04-22 12:02:05', 202.5),
(428, 3, 5, '2022-04-22 16:25:57', 146.25),
(429, 4, 5, '2022-04-23 08:32:38', 322.75),
(430, 3, 6, '2022-04-23 13:04:53', 3),
(431, 2, 4, '2022-04-24 17:45:46', 37.5),
(432, 4, 5, '2022-04-25 17:27:03', 41.25),
(433, 2, 4, '2022-04-25 07:09:42', 114),
(434, 3, 5, '2022-04-26 15:07:58', 152),
(435, 3, 6, '2022-04-26 10:28:51', 15),
(436, 4, 6, '2022-04-27 07:43:27', 117.75),
(437, 4, 6, '2022-04-27 08:27:10', 135),
(438, 2, 5, '2022-04-28 08:11:40', 202.5),
(439, 2, 6, '2022-04-28 06:53:44', 287.75),
(440, 3, 5, '2022-04-28 14:42:22', 64),
(441, 2, 4, '2022-04-29 10:38:26', 273.5),
(442, 3, 5, '2022-04-29 11:08:31', 152.25),
(443, 4, 4, '2022-04-30 11:46:22', 15),
(444, 4, 5, '2022-04-30 10:13:10', 123.75),
(445, 4, 5, '2022-05-01 09:44:28', 230),
(446, 4, 5, '2022-05-02 09:14:16', 228),
(447, 4, 4, '2022-05-03 14:36:11', 101.25),
(448, 4, 6, '2022-05-03 16:04:34', 239),
(449, 4, 4, '2022-05-03 13:57:45', 71.25),
(450, 2, 5, '2022-05-04 06:08:36', 116.25),
(451, 4, 6, '2022-05-04 13:57:52', 27),
(452, 2, 4, '2022-05-05 09:44:41', 51),
(453, 2, 6, '2022-05-05 10:47:13', 108.75);

--
-- Indexes for dumped tables
--

--
-- Indexes for table `customer`
--
ALTER TABLE `customer`
  ADD PRIMARY KEY (`CustomerID`),
  ADD KEY `CustomerID` (`CustomerID`);

--
-- Indexes for table `employee`
--
ALTER TABLE `employee`
  ADD PRIMARY KEY (`EmployeeID`),
  ADD KEY `EmployeeID` (`EmployeeID`);

--
-- Indexes for table `item`
--
ALTER TABLE `item`
  ADD PRIMARY KEY (`ItemID`),
  ADD KEY `ItemID` (`ItemID`);

--
-- Indexes for table `orderitem`
--
ALTER TABLE `orderitem`
  ADD KEY `orderitem_ibfk_1` (`ItemID`),
  ADD KEY `orderitem_ibfk_2` (`OrderID`);

--
-- Indexes for table `ordersummary`
--
ALTER TABLE `ordersummary`
  ADD PRIMARY KEY (`OrderID`),
  ADD KEY `OrderID` (`OrderID`),
  ADD KEY `CustomerID` (`CustomerID`,`EmployeeID`),
  ADD KEY `EmployeeID` (`EmployeeID`);

--
-- AUTO_INCREMENT for dumped tables
--

--
-- AUTO_INCREMENT for table `customer`
--
ALTER TABLE `customer`
  MODIFY `CustomerID` int NOT NULL AUTO_INCREMENT, AUTO_INCREMENT=5;

--
-- AUTO_INCREMENT for table `employee`
--
ALTER TABLE `employee`
  MODIFY `EmployeeID` int NOT NULL AUTO_INCREMENT, AUTO_INCREMENT=8;

--
-- AUTO_INCREMENT for table `item`
--
ALTER TABLE `item`
  MODIFY `ItemID` int NOT NULL AUTO_INCREMENT, AUTO_INCREMENT=8;

--
-- AUTO_INCREMENT for table `ordersummary`
--
ALTER TABLE `ordersummary`
  MODIFY `OrderID` int NOT NULL AUTO_INCREMENT, AUTO_INCREMENT=648;

--
-- Constraints for dumped tables
--

--
-- Constraints for table `orderitem`
--
ALTER TABLE `orderitem`
  ADD CONSTRAINT `orderitem_ibfk_1` FOREIGN KEY (`ItemID`) REFERENCES `item` (`ItemID`) ON DELETE CASCADE ON UPDATE CASCADE,
  ADD CONSTRAINT `orderitem_ibfk_2` FOREIGN KEY (`OrderID`) REFERENCES `ordersummary` (`OrderID`) ON DELETE CASCADE ON UPDATE CASCADE;

--
-- Constraints for table `ordersummary`
--
ALTER TABLE `ordersummary`
  ADD CONSTRAINT `ordersummary_ibfk_1` FOREIGN KEY (`CustomerID`) REFERENCES `customer` (`CustomerID`) ON DELETE CASCADE ON UPDATE CASCADE,
  ADD CONSTRAINT `ordersummary_ibfk_2` FOREIGN KEY (`EmployeeID`) REFERENCES `employee` (`EmployeeID`) ON DELETE CASCADE ON UPDATE CASCADE;
COMMIT;

/*!40101 SET CHARACTER_SET_CLIENT=@OLD_CHARACTER_SET_CLIENT */;
/*!40101 SET CHARACTER_SET_RESULTS=@OLD_CHARACTER_SET_RESULTS */;
/*!40101 SET COLLATION_CONNECTION=@OLD_COLLATION_CONNECTION */;
