-- phpMyAdmin SQL Dump
-- version 5.1.3
-- https://www.phpmyadmin.net/
--
-- Host: localhost
-- Generation Time: May 02, 2022 at 02:36 AM
-- Server version: 8.0.28
-- PHP Version: 7.4.29

SET SQL_MODE = "NO_AUTO_VALUE_ON_ZERO";
START TRANSACTION;
SET time_zone = "+00:00";


/*!40101 SET @OLD_CHARACTER_SET_CLIENT=@@CHARACTER_SET_CLIENT */;
/*!40101 SET @OLD_CHARACTER_SET_RESULTS=@@CHARACTER_SET_RESULTS */;
/*!40101 SET @OLD_COLLATION_CONNECTION=@@COLLATION_CONNECTION */;
/*!40101 SET NAMES utf8mb4 */;

--
-- Database: `patsbakery`
--

-- --------------------------------------------------------

--
-- Table structure for table `customer`
--

CREATE TABLE `customer` (
  `CustomerID` int NOT NULL,
  `CustFirstName` varchar(100) CHARACTER SET utf8mb4 COLLATE utf8mb4_general_ci NOT NULL,
  `CustLastName` varchar(100) CHARACTER SET utf8mb4 COLLATE utf8mb4_general_ci NOT NULL,
  `CustEmail` varchar(250) CHARACTER SET utf8mb4 COLLATE utf8mb4_general_ci NOT NULL,
  `CustPhone` varchar(16) CHARACTER SET utf8mb4 COLLATE utf8mb4_general_ci NOT NULL
) ENGINE=InnoDB DEFAULT CHARSET=utf8mb4 COLLATE=utf8mb4_general_ci;

--
-- Dumping data for table `customer`
--

INSERT INTO `customer` (`CustomerID`, `CustFirstName`, `CustLastName`, `CustEmail`, `CustPhone`) VALUES
(2, 'Kailey', 'Karls', 'KailyKarls@gmail.com', '320-428-1867'),
(3, 'Martin', 'Schendel', '13mschen@gmail.com', '763-350-2480'),
(4, 'Mundo', 'Mundo', 'Mundo@Mundo.com', '5555555555');

-- --------------------------------------------------------

--
-- Table structure for table `employee`
--

CREATE TABLE `employee` (
  `EmployeeID` int NOT NULL,
  `EmpFirstName` varchar(100) CHARACTER SET utf8mb4 COLLATE utf8mb4_general_ci NOT NULL,
  `EmpLastName` varchar(100) CHARACTER SET utf8mb4 COLLATE utf8mb4_general_ci NOT NULL,
  `EmpEmail` varchar(250) CHARACTER SET utf8mb4 COLLATE utf8mb4_general_ci NOT NULL,
  `EmpPhone` varchar(16) CHARACTER SET utf8mb4 COLLATE utf8mb4_general_ci NOT NULL,
  `EmpPassword` varchar(100) CHARACTER SET utf8mb4 COLLATE utf8mb4_general_ci DEFAULT NULL,
  `EmpUsername` varchar(12) CHARACTER SET utf8mb4 COLLATE utf8mb4_general_ci DEFAULT NULL
) ENGINE=InnoDB DEFAULT CHARSET=utf8mb4 COLLATE=utf8mb4_general_ci;

--
-- Dumping data for table `employee`
--

INSERT INTO `employee` (`EmployeeID`, `EmpFirstName`, `EmpLastName`, `EmpEmail`, `EmpPhone`, `EmpPassword`, `EmpUsername`) VALUES
(4, 'Reece', 'Withouthisspoon', 'withouthisspoon@gmail.com', '1234567890', '$2y$10$wmG9qwx3QrZLYi1lNaiscuLLOqvh6BzmV8sN0eDM78gBFszh5LnOK', 'Reece'),
(5, 'Brandy', 'Glass', 'halffull@gmail.com', '0987654321', '$2y$10$OxaRcliiUlyxkvZALB7f3eBniFlcISUeUakEGElfGAxUsdwXIwoVy', 'Brandy'),
(6, 'Zachary', 'Hellweg', 'Zjhellweg@gmai.com', '5555555555', '$2y$10$GJqKQMapwIp79kbOZyUsnuolHKdwiY5QdFlZurz4/F9b6H8gma2aO', 'Drickikcha');

-- --------------------------------------------------------

--
-- Table structure for table `item`
--

CREATE TABLE `item` (
  `ItemID` int NOT NULL,
  `ItemName` varchar(256) CHARACTER SET utf8mb4 COLLATE utf8mb4_general_ci NOT NULL,
  `ItemDescription` varchar(1024) CHARACTER SET utf8mb4 COLLATE utf8mb4_general_ci NOT NULL,
  `ItemWholesaleCost` double NOT NULL,
  `ItemSalePrice` double NOT NULL
) ENGINE=InnoDB DEFAULT CHARSET=utf8mb4 COLLATE=utf8mb4_general_ci;

--
-- Dumping data for table `item`
--

INSERT INTO `item` (`ItemID`, `ItemName`, `ItemDescription`, `ItemWholesaleCost`, `ItemSalePrice`) VALUES
(2, 'White Bread', 'Tall, soft, light, and fluffy - the perfect classic white bread!', 0.5, 4),
(3, 'Wheat Bread', 'Moist and tender with delightful texture and wonderful aroma!', 0.75, 4.5),
(4, 'White Buns', 'Perfect buns for sandwiches or subs! Our white buns are fluffy and delicious!', 0.8, 3.75),
(5, 'Wheat Buns', 'Deliciously soft buns perfect for hamburgers, pulled pork, and more!', 0.85, 3.75),
(6, 'Flatbread', 'Soft and pliable, our flatbread is perfect for wraps and pizzas!', 0.75, 3),
(7, 'French Bread', 'Crisp and crunchy crust with a chewy center is what makes our french bread the talk of the town!', 0.6, 3.75);

-- --------------------------------------------------------

--
-- Table structure for table `orderitem`
--

CREATE TABLE `orderitem` (
  `OrderID` int NOT NULL,
  `ItemID` int NOT NULL,
  `Quantity` int NOT NULL,
  `UnitSalePrice` double NOT NULL,
  `FilledState` varchar(16) CHARACTER SET utf8mb4 COLLATE utf8mb4_general_ci NOT NULL
) ENGINE=InnoDB DEFAULT CHARSET=utf8mb4 COLLATE=utf8mb4_general_ci;

--
-- Dumping data for table `orderitem`
--

INSERT INTO `orderitem` (`OrderID`, `ItemID`, `Quantity`, `UnitSalePrice`, `FilledState`) VALUES
(26, 2, 1, 4, 'Unfilled'),
(26, 6, 20, 3, 'Unfilled'),
(26, 7, 13, 3.75, 'Unfilled'),
(27, 2, 1, 4, 'Unfilled'),
(28, 4, 19, 3.75, 'Filled'),
(28, 5, 11, 3.75, 'Filled'),
(29, 7, 23, 3.75, 'Filled'),
(29, 2, 17, 4, 'Filled'),
(29, 4, 5, 3.75, 'Filled'),
(29, 3, 28, 4.5, 'Filled'),
(100, 4, 26, 3.75, 'Filled'),
(101, 4, 16, 3.75, 'Filled'),
(101, 6, 11, 3, 'Filled'),
(102, 2, 27, 4, 'Filled'),
(103, 4, 14, 3.75, 'Filled'),
(103, 6, 17, 3, 'Filled'),
(104, 2, 6, 4, 'Filled'),
(104, 6, 16, 3, 'Filled'),
(105, 5, 20, 3.75, 'Filled'),
(105, 4, 10, 3.75, 'Filled'),
(106, 7, 26, 3.75, 'Filled'),
(106, 2, 17, 4, 'Filled'),
(106, 3, 3, 4.5, 'Filled'),
(106, 5, 17, 3.75, 'Filled'),
(107, 2, 24, 4, 'Filled'),
(108, 4, 20, 3.75, 'Filled'),
(108, 5, 26, 3.75, 'Filled'),
(108, 6, 11, 3, 'Filled'),
(108, 7, 3, 3.75, 'Filled'),
(109, 4, 23, 3.75, 'Filled'),
(110, 7, 20, 3.75, 'Filled'),
(110, 5, 2, 3.75, 'Filled'),
(110, 6, 10, 3, 'Filled'),
(110, 2, 22, 4, 'Filled'),
(111, 4, 1, 3.75, 'Filled'),
(111, 7, 22, 3.75, 'Filled'),
(112, 6, 10, 3, 'Filled'),
(112, 5, 29, 3.75, 'Filled'),
(112, 7, 12, 3.75, 'Filled'),
(112, 2, 2, 4, 'Filled'),
(112, 3, 3, 4.5, 'Filled'),
(112, 4, 5, 3.75, 'Filled'),
(113, 5, 28, 3.75, 'Filled'),
(114, 4, 13, 3.75, 'Filled'),
(114, 2, 29, 4, 'Filled'),
(114, 6, 1, 3, 'Filled'),
(114, 3, 20, 4.5, 'Filled'),
(114, 5, 29, 3.75, 'Filled'),
(114, 7, 9, 3.75, 'Filled'),
(115, 2, 15, 4, 'Filled'),
(115, 6, 26, 3, 'Filled'),
(115, 3, 4, 4.5, 'Filled'),
(115, 4, 10, 3.75, 'Filled'),
(115, 7, 11, 3.75, 'Filled'),
(116, 6, 2, 3, 'Filled'),
(116, 7, 22, 3.75, 'Filled'),
(117, 7, 13, 3.75, 'Filled'),
(117, 5, 10, 3.75, 'Filled'),
(117, 6, 20, 3, 'Filled'),
(117, 2, 5, 4, 'Filled'),
(117, 3, 25, 4.5, 'Filled'),
(118, 4, 1, 3.75, 'Filled'),
(118, 5, 2, 3.75, 'Filled'),
(119, 2, 3, 4, 'Filled'),
(119, 6, 9, 3, 'Filled'),
(119, 5, 19, 3.75, 'Filled'),
(120, 2, 19, 4, 'Filled'),
(121, 7, 6, 3.75, 'Filled'),
(122, 6, 19, 3, 'Filled'),
(122, 4, 6, 3.75, 'Filled'),
(122, 2, 1, 4, 'Filled'),
(123, 6, 5, 3, 'Filled'),
(124, 7, 11, 3.75, 'Filled'),
(124, 3, 15, 4.5, 'Filled'),
(124, 2, 14, 4, 'Filled'),
(125, 7, 16, 3.75, 'Filled'),
(125, 3, 7, 4.5, 'Filled'),
(125, 5, 18, 3.75, 'Filled'),
(125, 2, 17, 4, 'Filled'),
(125, 4, 21, 3.75, 'Filled'),
(126, 2, 5, 4, 'Filled'),
(126, 4, 26, 3.75, 'Filled'),
(127, 3, 1, 4.5, 'Filled'),
(127, 4, 21, 3.75, 'Filled'),
(127, 5, 2, 3.75, 'Filled'),
(128, 2, 7, 4, 'Filled'),
(128, 3, 6, 4.5, 'Filled'),
(129, 2, 20, 4, 'Filled'),
(129, 3, 2, 4.5, 'Filled'),
(130, 3, 28, 4.5, 'Filled'),
(131, 2, 1, 4, 'Filled'),
(132, 4, 12, 3.75, 'Filled'),
(132, 5, 26, 3.75, 'Filled'),
(132, 7, 23, 3.75, 'Filled'),
(133, 2, 13, 4, 'Filled'),
(134, 6, 9, 3, 'Filled'),
(135, 2, 12, 4, 'Filled'),
(135, 4, 5, 3.75, 'Filled'),
(135, 3, 6, 4.5, 'Filled'),
(135, 7, 8, 3.75, 'Filled'),
(135, 6, 22, 3, 'Filled'),
(136, 6, 28, 3, 'Filled'),
(136, 2, 9, 4, 'Filled'),
(137, 7, 25, 3.75, 'Filled'),
(137, 5, 9, 3.75, 'Filled'),
(138, 3, 27, 4.5, 'Filled'),
(139, 7, 13, 3.75, 'Filled'),
(139, 5, 22, 3.75, 'Filled'),
(139, 4, 28, 3.75, 'Filled'),
(139, 2, 25, 4, 'Filled'),
(139, 6, 9, 3, 'Filled'),
(140, 7, 12, 3.75, 'Filled'),
(141, 4, 23, 3.75, 'Filled'),
(141, 3, 9, 4.5, 'Filled'),
(142, 5, 20, 3.75, 'Filled'),
(142, 6, 23, 3, 'Filled'),
(142, 7, 9, 3.75, 'Filled'),
(143, 7, 17, 3.75, 'Filled'),
(143, 3, 3, 4.5, 'Filled'),
(144, 7, 28, 3.75, 'Filled'),
(144, 4, 12, 3.75, 'Filled'),
(145, 3, 9, 4.5, 'Filled'),
(145, 5, 1, 3.75, 'Filled'),
(145, 6, 27, 3, 'Filled'),
(146, 5, 17, 3.75, 'Filled'),
(147, 2, 20, 4, 'Filled'),
(148, 2, 28, 4, 'Filled'),
(148, 4, 5, 3.75, 'Filled'),
(148, 6, 1, 3, 'Filled'),
(148, 7, 5, 3.75, 'Filled'),
(149, 4, 24, 3.75, 'Filled'),
(149, 6, 19, 3, 'Filled'),
(149, 3, 2, 4.5, 'Filled'),
(149, 2, 6, 4, 'Filled'),
(149, 7, 25, 3.75, 'Filled'),
(150, 7, 2, 3.75, 'Filled'),
(150, 6, 21, 3, 'Filled'),
(150, 2, 20, 4, 'Filled'),
(150, 4, 14, 3.75, 'Filled'),
(151, 7, 7, 3.75, 'Filled'),
(152, 5, 9, 3.75, 'Filled'),
(153, 3, 28, 4.5, 'Filled'),
(153, 5, 10, 3.75, 'Filled'),
(153, 2, 1, 4, 'Filled'),
(153, 6, 29, 3, 'Filled'),
(153, 4, 4, 3.75, 'Filled'),
(154, 3, 7, 4.5, 'Filled'),
(155, 5, 26, 3.75, 'Filled'),
(155, 4, 9, 3.75, 'Filled'),
(155, 2, 2, 4, 'Filled'),
(155, 6, 12, 3, 'Filled'),
(156, 7, 6, 3.75, 'Filled'),
(157, 2, 23, 4, 'Filled'),
(157, 6, 22, 3, 'Filled'),
(158, 5, 18, 3.75, 'Filled'),
(158, 2, 20, 4, 'Filled'),
(159, 5, 3, 3.75, 'Filled'),
(160, 3, 3, 4.5, 'Filled'),
(160, 4, 4, 3.75, 'Filled'),
(160, 7, 15, 3.75, 'Filled'),
(160, 6, 21, 3, 'Filled'),
(161, 3, 5, 4.5, 'Filled'),
(162, 4, 9, 3.75, 'Filled'),
(162, 6, 11, 3, 'Filled'),
(162, 3, 24, 4.5, 'Filled'),
(162, 7, 7, 3.75, 'Filled'),
(162, 2, 1, 4, 'Filled'),
(162, 5, 4, 3.75, 'Filled'),
(163, 7, 7, 3.75, 'Filled'),
(163, 5, 26, 3.75, 'Filled'),
(164, 4, 10, 3.75, 'Filled'),
(164, 3, 11, 4.5, 'Filled'),
(165, 7, 24, 3.75, 'Filled'),
(165, 5, 21, 3.75, 'Filled'),
(165, 2, 6, 4, 'Filled'),
(165, 4, 24, 3.75, 'Filled'),
(166, 7, 2, 3.75, 'Filled'),
(166, 3, 22, 4.5, 'Filled'),
(167, 6, 17, 3, 'Filled'),
(168, 2, 22, 4, 'Filled'),
(168, 5, 29, 3.75, 'Filled'),
(168, 4, 15, 3.75, 'Filled'),
(169, 6, 6, 3, 'Filled'),
(169, 2, 3, 4, 'Filled'),
(169, 4, 4, 3.75, 'Filled'),
(169, 5, 6, 3.75, 'Filled'),
(170, 2, 3, 4, 'Filled'),
(170, 4, 6, 3.75, 'Filled'),
(171, 7, 21, 3.75, 'Filled'),
(171, 4, 18, 3.75, 'Filled'),
(172, 6, 17, 3, 'Filled'),
(172, 5, 11, 3.75, 'Filled'),
(172, 7, 19, 3.75, 'Filled'),
(173, 2, 8, 4, 'Filled'),
(173, 3, 22, 4.5, 'Filled'),
(173, 5, 25, 3.75, 'Filled'),
(173, 4, 29, 3.75, 'Filled'),
(174, 5, 19, 3.75, 'Filled'),
(174, 7, 24, 3.75, 'Filled'),
(175, 7, 28, 3.75, 'Filled'),
(175, 2, 21, 4, 'Filled'),
(176, 5, 16, 3.75, 'Filled'),
(176, 6, 25, 3, 'Filled'),
(176, 4, 27, 3.75, 'Filled'),
(177, 6, 15, 3, 'Filled'),
(178, 6, 3, 3, 'Filled'),
(179, 6, 4, 3, 'Filled'),
(179, 7, 14, 3.75, 'Filled'),
(180, 2, 16, 4, 'Filled'),
(180, 4, 29, 3.75, 'Filled'),
(181, 6, 27, 3, 'Filled'),
(181, 5, 1, 3.75, 'Filled'),
(182, 7, 6, 3.75, 'Filled'),
(183, 5, 18, 3.75, 'Filled'),
(183, 3, 4, 4.5, 'Filled'),
(183, 4, 28, 3.75, 'Filled'),
(184, 5, 16, 3.75, 'Filled'),
(184, 3, 13, 4.5, 'Filled'),
(184, 4, 7, 3.75, 'Filled'),
(184, 2, 15, 4, 'Filled'),
(184, 6, 12, 3, 'Filled'),
(185, 5, 26, 3.75, 'Filled'),
(185, 3, 10, 4.5, 'Filled'),
(186, 2, 14, 4, 'Filled'),
(186, 3, 27, 4.5, 'Filled'),
(187, 4, 1, 3.75, 'Filled'),
(187, 3, 23, 4.5, 'Filled'),
(187, 7, 24, 3.75, 'Filled'),
(188, 5, 21, 3.75, 'Filled'),
(188, 3, 17, 4.5, 'Filled'),
(188, 2, 26, 4, 'Filled'),
(189, 7, 27, 3.75, 'Filled'),
(189, 2, 9, 4, 'Filled'),
(189, 3, 15, 4.5, 'Filled'),
(189, 4, 24, 3.75, 'Filled'),
(189, 5, 15, 3.75, 'Filled'),
(190, 2, 14, 4, 'Filled'),
(190, 6, 19, 3, 'Filled'),
(191, 6, 27, 3, 'Filled'),
(191, 3, 19, 4.5, 'Filled'),
(192, 6, 29, 3, 'Filled'),
(192, 3, 23, 4.5, 'Filled'),
(192, 2, 1, 4, 'Filled'),
(193, 6, 10, 3, 'Filled'),
(194, 7, 24, 3.75, 'Filled'),
(194, 2, 25, 4, 'Filled'),
(194, 4, 6, 3.75, 'Filled'),
(194, 3, 21, 4.5, 'Filled'),
(195, 7, 1, 3.75, 'Filled'),
(196, 6, 7, 3, 'Filled'),
(196, 4, 29, 3.75, 'Filled'),
(196, 7, 17, 3.75, 'Filled'),
(196, 5, 26, 3.75, 'Filled'),
(197, 3, 22, 4.5, 'Filled'),
(198, 6, 23, 3, 'Filled'),
(199, 7, 26, 3.75, 'Filled'),
(199, 5, 21, 3.75, 'Filled'),
(200, 3, 15, 4.5, 'Filled'),
(200, 5, 18, 3.75, 'Filled'),
(200, 4, 9, 3.75, 'Filled'),
(200, 7, 29, 3.75, 'Filled'),
(201, 4, 19, 3.75, 'Filled'),
(201, 3, 26, 4.5, 'Filled'),
(201, 6, 9, 3, 'Filled'),
(202, 4, 22, 3.75, 'Filled'),
(202, 7, 6, 3.75, 'Filled'),
(202, 3, 14, 4.5, 'Filled'),
(203, 3, 3, 4.5, 'Filled'),
(204, 7, 14, 3.75, 'Filled'),
(204, 2, 7, 4, 'Filled'),
(205, 3, 11, 4.5, 'Filled'),
(205, 5, 11, 3.75, 'Filled'),
(206, 6, 24, 3, 'Filled'),
(206, 4, 18, 3.75, 'Filled'),
(206, 2, 2, 4, 'Filled'),
(207, 6, 1, 3, 'Filled'),
(208, 2, 9, 4, 'Filled'),
(209, 2, 29, 4, 'Filled'),
(209, 3, 18, 4.5, 'Filled'),
(209, 5, 16, 3.75, 'Filled'),
(210, 5, 24, 3.75, 'Filled'),
(211, 2, 5, 4, 'Filled'),
(211, 3, 18, 4.5, 'Filled'),
(211, 5, 22, 3.75, 'Filled'),
(211, 6, 29, 3, 'Filled'),
(211, 7, 19, 3.75, 'Filled'),
(212, 4, 7, 3.75, 'Filled'),
(212, 3, 8, 4.5, 'Filled'),
(213, 5, 8, 3.75, 'Filled'),
(213, 3, 24, 4.5, 'Filled'),
(213, 4, 27, 3.75, 'Filled'),
(213, 6, 5, 3, 'Filled'),
(213, 2, 21, 4, 'Filled'),
(213, 7, 7, 3.75, 'Filled'),
(214, 6, 25, 3, 'Filled'),
(214, 2, 12, 4, 'Filled'),
(214, 7, 3, 3.75, 'Filled'),
(215, 2, 28, 4, 'Filled'),
(215, 5, 19, 3.75, 'Filled'),
(216, 4, 10, 3.75, 'Filled'),
(216, 7, 10, 3.75, 'Filled'),
(216, 2, 21, 4, 'Filled'),
(216, 6, 8, 3, 'Filled'),
(216, 5, 28, 3.75, 'Filled'),
(216, 3, 5, 4.5, 'Filled'),
(217, 5, 7, 3.75, 'Filled'),
(218, 4, 25, 3.75, 'Filled'),
(218, 3, 25, 4.5, 'Filled'),
(218, 5, 9, 3.75, 'Filled'),
(219, 4, 2, 3.75, 'Filled'),
(219, 3, 20, 4.5, 'Filled'),
(219, 6, 22, 3, 'Filled'),
(219, 2, 25, 4, 'Filled'),
(220, 4, 3, 3.75, 'Filled'),
(220, 2, 25, 4, 'Filled'),
(220, 3, 23, 4.5, 'Filled'),
(221, 4, 9, 3.75, 'Filled'),
(221, 5, 27, 3.75, 'Filled'),
(222, 4, 29, 3.75, 'Filled'),
(222, 6, 20, 3, 'Filled'),
(223, 3, 12, 4.5, 'Filled'),
(224, 2, 2, 4, 'Filled'),
(224, 7, 5, 3.75, 'Filled'),
(224, 5, 19, 3.75, 'Filled'),
(224, 4, 23, 3.75, 'Filled'),
(224, 6, 22, 3, 'Filled'),
(225, 2, 19, 4, 'Filled'),
(225, 7, 12, 3.75, 'Filled'),
(225, 4, 24, 3.75, 'Filled'),
(225, 5, 19, 3.75, 'Filled'),
(225, 3, 10, 4.5, 'Filled'),
(225, 6, 27, 3, 'Filled'),
(226, 7, 26, 3.75, 'Filled'),
(226, 6, 12, 3, 'Filled'),
(226, 3, 8, 4.5, 'Filled'),
(227, 6, 3, 3, 'Filled'),
(227, 3, 20, 4.5, 'Filled'),
(227, 2, 4, 4, 'Filled'),
(228, 7, 20, 3.75, 'Filled'),
(228, 3, 23, 4.5, 'Filled'),
(228, 4, 8, 3.75, 'Filled'),
(228, 6, 28, 3, 'Filled'),
(228, 2, 18, 4, 'Filled'),
(228, 5, 21, 3.75, 'Filled'),
(229, 3, 7, 4.5, 'Filled'),
(229, 2, 29, 4, 'Filled'),
(230, 3, 14, 4.5, 'Filled'),
(230, 6, 13, 3, 'Filled'),
(230, 2, 23, 4, 'Filled'),
(231, 2, 9, 4, 'Filled'),
(231, 4, 21, 3.75, 'Filled'),
(231, 5, 29, 3.75, 'Filled'),
(231, 7, 15, 3.75, 'Filled'),
(231, 6, 7, 3, 'Filled'),
(231, 3, 17, 4.5, 'Filled'),
(232, 5, 16, 3.75, 'Filled'),
(232, 2, 25, 4, 'Filled'),
(232, 7, 7, 3.75, 'Filled'),
(232, 3, 29, 4.5, 'Filled'),
(233, 4, 7, 3.75, 'Filled'),
(233, 6, 13, 3, 'Filled'),
(233, 7, 27, 3.75, 'Filled'),
(233, 5, 27, 3.75, 'Filled'),
(233, 3, 29, 4.5, 'Filled'),
(234, 5, 4, 3.75, 'Filled'),
(234, 7, 25, 3.75, 'Filled'),
(234, 6, 6, 3, 'Filled'),
(234, 2, 9, 4, 'Filled'),
(234, 3, 25, 4.5, 'Filled'),
(235, 7, 16, 3.75, 'Filled'),
(235, 2, 27, 4, 'Filled'),
(236, 7, 3, 3.75, 'Filled'),
(236, 4, 10, 3.75, 'Filled'),
(236, 5, 23, 3.75, 'Filled'),
(237, 5, 23, 3.75, 'Filled'),
(238, 4, 6, 3.75, 'Filled'),
(238, 2, 29, 4, 'Filled'),
(238, 6, 28, 3, 'Filled'),
(238, 7, 23, 3.75, 'Filled'),
(239, 6, 13, 3, 'Filled'),
(239, 2, 8, 4, 'Filled'),
(239, 5, 6, 3.75, 'Filled'),
(239, 3, 3, 4.5, 'Filled'),
(240, 2, 16, 4, 'Filled'),
(241, 2, 29, 4, 'Filled'),
(241, 3, 5, 4.5, 'Filled'),
(241, 4, 10, 3.75, 'Filled'),
(242, 3, 11, 4.5, 'Filled'),
(242, 7, 28, 3.75, 'Filled'),
(242, 6, 9, 3, 'Filled'),
(242, 4, 19, 3.75, 'Filled'),
(242, 5, 7, 3.75, 'Filled'),
(243, 5, 25, 3.75, 'Filled'),
(244, 2, 26, 4, 'Filled'),
(244, 6, 7, 3, 'Filled'),
(244, 7, 9, 3.75, 'Filled'),
(244, 5, 28, 3.75, 'Filled'),
(244, 3, 5, 4.5, 'Filled'),
(245, 2, 17, 4, 'Filled'),
(246, 3, 24, 4.5, 'Filled'),
(246, 7, 29, 3.75, 'Filled'),
(246, 4, 14, 3.75, 'Filled'),
(246, 6, 21, 3, 'Filled'),
(247, 2, 20, 4, 'Filled'),
(247, 5, 3, 3.75, 'Filled'),
(248, 2, 21, 4, 'Filled'),
(248, 6, 11, 3, 'Filled'),
(248, 7, 21, 3.75, 'Filled'),
(249, 6, 21, 3, 'Filled'),
(249, 4, 18, 3.75, 'Filled'),
(250, 4, 4, 3.75, 'Filled'),
(250, 6, 6, 3, 'Filled'),
(251, 2, 27, 4, 'Filled'),
(252, 2, 13, 4, 'Filled'),
(252, 7, 16, 3.75, 'Filled'),
(252, 5, 20, 3.75, 'Filled'),
(253, 2, 26, 4, 'Filled'),
(253, 6, 4, 3, 'Filled'),
(253, 7, 1, 3.75, 'Filled'),
(253, 4, 11, 3.75, 'Filled'),
(253, 5, 25, 3.75, 'Filled'),
(254, 4, 27, 3.75, 'Filled'),
(254, 5, 22, 3.75, 'Filled'),
(254, 2, 9, 4, 'Filled'),
(254, 7, 25, 3.75, 'Filled'),
(254, 3, 6, 4.5, 'Filled'),
(255, 2, 5, 4, 'Filled'),
(255, 5, 6, 3.75, 'Filled'),
(256, 4, 10, 3.75, 'Filled'),
(256, 6, 12, 3, 'Filled'),
(256, 2, 16, 4, 'Filled'),
(256, 7, 20, 3.75, 'Filled'),
(257, 5, 22, 3.75, 'Filled'),
(258, 5, 22, 3.75, 'Filled'),
(259, 5, 24, 3.75, 'Filled'),
(260, 7, 16, 3.75, 'Filled'),
(261, 5, 22, 3.75, 'Filled'),
(261, 3, 28, 4.5, 'Filled'),
(262, 7, 3, 3.75, 'Filled'),
(262, 3, 22, 4.5, 'Filled'),
(263, 6, 23, 3, 'Filled'),
(264, 7, 17, 3.75, 'Filled'),
(264, 6, 5, 3, 'Filled'),
(265, 3, 17, 4.5, 'Filled'),
(266, 3, 13, 4.5, 'Filled'),
(267, 5, 29, 3.75, 'Filled'),
(267, 3, 10, 4.5, 'Filled'),
(267, 2, 8, 4, 'Filled'),
(267, 7, 7, 3.75, 'Filled'),
(267, 6, 16, 3, 'Filled'),
(268, 5, 3, 3.75, 'Filled'),
(269, 7, 16, 3.75, 'Filled'),
(269, 2, 29, 4, 'Filled'),
(269, 5, 9, 3.75, 'Filled'),
(269, 4, 22, 3.75, 'Filled'),
(270, 4, 6, 3.75, 'Filled'),
(270, 3, 19, 4.5, 'Filled'),
(270, 6, 11, 3, 'Filled'),
(271, 5, 17, 3.75, 'Filled'),
(272, 6, 19, 3, 'Filled'),
(272, 2, 9, 4, 'Filled'),
(273, 2, 4, 4, 'Filled'),
(273, 4, 9, 3.75, 'Filled'),
(273, 7, 28, 3.75, 'Filled'),
(273, 3, 25, 4.5, 'Filled'),
(273, 6, 20, 3, 'Filled'),
(274, 2, 18, 4, 'Filled'),
(274, 4, 26, 3.75, 'Filled'),
(274, 6, 1, 3, 'Filled'),
(274, 7, 14, 3.75, 'Filled'),
(275, 7, 12, 3.75, 'Filled'),
(275, 2, 8, 4, 'Filled'),
(276, 3, 19, 4.5, 'Filled'),
(277, 3, 15, 4.5, 'Filled'),
(277, 7, 26, 3.75, 'Filled'),
(277, 6, 13, 3, 'Filled'),
(278, 2, 12, 4, 'Filled'),
(278, 7, 18, 3.75, 'Filled'),
(278, 5, 20, 3.75, 'Filled'),
(278, 6, 9, 3, 'Filled'),
(278, 4, 25, 3.75, 'Filled'),
(278, 3, 15, 4.5, 'Filled'),
(279, 6, 7, 3, 'Filled'),
(279, 4, 20, 3.75, 'Filled'),
(280, 3, 20, 4.5, 'Filled'),
(280, 2, 5, 4, 'Filled'),
(281, 6, 12, 3, 'Filled'),
(281, 7, 2, 3.75, 'Filled'),
(281, 4, 25, 3.75, 'Filled'),
(281, 5, 9, 3.75, 'Filled'),
(281, 3, 8, 4.5, 'Filled'),
(282, 4, 15, 3.75, 'Filled'),
(282, 6, 6, 3, 'Filled'),
(282, 7, 5, 3.75, 'Filled'),
(283, 3, 26, 4.5, 'Filled'),
(283, 2, 29, 4, 'Filled'),
(284, 4, 18, 3.75, 'Filled'),
(284, 2, 29, 4, 'Filled'),
(284, 7, 4, 3.75, 'Filled'),
(284, 5, 7, 3.75, 'Filled'),
(285, 7, 13, 3.75, 'Filled'),
(285, 3, 5, 4.5, 'Filled'),
(285, 4, 14, 3.75, 'Filled'),
(285, 5, 15, 3.75, 'Filled'),
(285, 2, 17, 4, 'Filled'),
(286, 4, 29, 3.75, 'Filled'),
(286, 7, 5, 3.75, 'Filled'),
(287, 2, 11, 4, 'Filled'),
(288, 7, 15, 3.75, 'Filled'),
(288, 3, 16, 4.5, 'Filled'),
(288, 5, 28, 3.75, 'Filled'),
(288, 4, 7, 3.75, 'Filled'),
(288, 2, 11, 4, 'Filled'),
(289, 6, 4, 3, 'Filled'),
(289, 7, 8, 3.75, 'Filled'),
(289, 5, 20, 3.75, 'Filled'),
(290, 7, 7, 3.75, 'Filled'),
(290, 5, 26, 3.75, 'Filled'),
(290, 3, 24, 4.5, 'Filled'),
(290, 4, 17, 3.75, 'Filled'),
(291, 3, 29, 4.5, 'Filled'),
(291, 4, 20, 3.75, 'Filled'),
(291, 6, 3, 3, 'Filled'),
(291, 2, 24, 4, 'Filled'),
(291, 5, 19, 3.75, 'Filled'),
(292, 4, 13, 3.75, 'Filled'),
(293, 5, 24, 3.75, 'Filled'),
(294, 2, 4, 4, 'Filled'),
(295, 5, 27, 3.75, 'Filled'),
(295, 4, 2, 3.75, 'Filled'),
(296, 3, 6, 4.5, 'Filled'),
(296, 6, 4, 3, 'Filled'),
(297, 6, 17, 3, 'Filled'),
(297, 3, 4, 4.5, 'Filled'),
(297, 5, 9, 3.75, 'Filled'),
(298, 3, 29, 4.5, 'Filled'),
(298, 4, 29, 3.75, 'Filled'),
(299, 4, 22, 3.75, 'Filled'),
(299, 2, 5, 4, 'Filled'),
(300, 6, 19, 3, 'Filled'),
(301, 4, 23, 3.75, 'Filled'),
(301, 5, 17, 3.75, 'Filled'),
(301, 3, 26, 4.5, 'Filled'),
(301, 2, 18, 4, 'Filled'),
(301, 7, 7, 3.75, 'Filled'),
(302, 3, 14, 4.5, 'Filled'),
(302, 6, 18, 3, 'Filled'),
(303, 2, 29, 4, 'Filled'),
(303, 6, 6, 3, 'Filled'),
(304, 6, 15, 3, 'Filled'),
(304, 2, 17, 4, 'Filled'),
(305, 4, 28, 3.75, 'Filled'),
(305, 3, 12, 4.5, 'Filled'),
(305, 2, 17, 4, 'Filled'),
(306, 3, 20, 4.5, 'Filled'),
(306, 4, 23, 3.75, 'Filled'),
(306, 7, 27, 3.75, 'Filled'),
(307, 2, 26, 4, 'Filled'),
(308, 6, 27, 3, 'Filled'),
(309, 7, 9, 3.75, 'Filled'),
(310, 7, 23, 3.75, 'Filled'),
(310, 4, 16, 3.75, 'Filled'),
(311, 4, 9, 3.75, 'Filled'),
(311, 2, 12, 4, 'Filled'),
(311, 6, 18, 3, 'Filled'),
(311, 5, 23, 3.75, 'Filled'),
(312, 7, 7, 3.75, 'Filled'),
(313, 6, 27, 3, 'Filled'),
(313, 5, 8, 3.75, 'Filled'),
(313, 3, 6, 4.5, 'Filled'),
(313, 4, 27, 3.75, 'Filled'),
(314, 4, 10, 3.75, 'Filled'),
(314, 2, 12, 4, 'Filled'),
(314, 7, 19, 3.75, 'Filled'),
(315, 6, 29, 3, 'Filled'),
(315, 5, 10, 3.75, 'Filled'),
(316, 5, 18, 3.75, 'Filled'),
(316, 6, 28, 3, 'Filled'),
(316, 2, 19, 4, 'Filled'),
(316, 3, 17, 4.5, 'Filled'),
(316, 7, 28, 3.75, 'Filled'),
(317, 3, 21, 4.5, 'Filled'),
(318, 3, 10, 4.5, 'Filled'),
(318, 6, 28, 3, 'Filled'),
(318, 2, 13, 4, 'Filled'),
(319, 6, 3, 3, 'Filled'),
(319, 2, 19, 4, 'Filled'),
(319, 4, 9, 3.75, 'Filled'),
(319, 5, 12, 3.75, 'Filled'),
(319, 7, 29, 3.75, 'Filled'),
(320, 5, 9, 3.75, 'Filled'),
(320, 3, 8, 4.5, 'Filled'),
(320, 6, 2, 3, 'Filled'),
(320, 7, 28, 3.75, 'Filled'),
(320, 4, 29, 3.75, 'Filled'),
(321, 6, 12, 3, 'Filled'),
(321, 5, 29, 3.75, 'Filled'),
(321, 7, 3, 3.75, 'Filled'),
(321, 2, 21, 4, 'Filled'),
(321, 3, 18, 4.5, 'Filled'),
(322, 4, 13, 3.75, 'Filled'),
(322, 2, 15, 4, 'Filled'),
(323, 2, 19, 4, 'Filled'),
(324, 6, 15, 3, 'Filled'),
(324, 4, 1, 3.75, 'Filled'),
(324, 7, 11, 3.75, 'Filled'),
(324, 5, 22, 3.75, 'Filled'),
(325, 2, 29, 4, 'Filled'),
(325, 6, 21, 3, 'Filled'),
(326, 5, 12, 3.75, 'Filled'),
(326, 6, 16, 3, 'Filled'),
(327, 3, 20, 4.5, 'Filled'),
(327, 5, 3, 3.75, 'Filled'),
(327, 2, 16, 4, 'Filled'),
(328, 3, 22, 4.5, 'Filled'),
(328, 5, 25, 3.75, 'Filled'),
(328, 7, 24, 3.75, 'Filled'),
(329, 2, 1, 4, 'Filled'),
(329, 6, 28, 3, 'Filled'),
(329, 3, 24, 4.5, 'Filled'),
(329, 4, 1, 3.75, 'Filled'),
(330, 4, 17, 3.75, 'Filled'),
(330, 7, 25, 3.75, 'Filled'),
(331, 6, 23, 3, 'Filled'),
(331, 2, 8, 4, 'Filled'),
(332, 5, 8, 3.75, 'Filled'),
(333, 7, 22, 3.75, 'Filled'),
(333, 3, 3, 4.5, 'Filled'),
(334, 2, 25, 4, 'Filled'),
(334, 6, 19, 3, 'Filled'),
(335, 6, 13, 3, 'Filled'),
(335, 3, 17, 4.5, 'Filled'),
(336, 3, 12, 4.5, 'Filled'),
(336, 2, 26, 4, 'Filled'),
(336, 7, 4, 3.75, 'Filled'),
(337, 6, 22, 3, 'Filled'),
(337, 7, 16, 3.75, 'Filled'),
(337, 4, 1, 3.75, 'Filled'),
(338, 2, 29, 4, 'Filled'),
(338, 4, 14, 3.75, 'Filled'),
(339, 5, 19, 3.75, 'Filled'),
(339, 7, 28, 3.75, 'Filled'),
(340, 3, 22, 4.5, 'Filled'),
(341, 7, 18, 3.75, 'Filled'),
(341, 4, 7, 3.75, 'Filled'),
(341, 6, 27, 3, 'Filled'),
(341, 2, 14, 4, 'Filled'),
(342, 3, 13, 4.5, 'Filled'),
(342, 4, 15, 3.75, 'Filled'),
(342, 7, 3, 3.75, 'Filled'),
(342, 5, 27, 3.75, 'Filled'),
(343, 3, 24, 4.5, 'Filled'),
(344, 6, 2, 3, 'Filled'),
(344, 3, 27, 4.5, 'Filled'),
(344, 5, 28, 3.75, 'Filled'),
(344, 4, 15, 3.75, 'Filled'),
(344, 2, 2, 4, 'Filled'),
(345, 2, 26, 4, 'Filled'),
(346, 5, 24, 3.75, 'Filled'),
(346, 7, 8, 3.75, 'Filled'),
(347, 7, 6, 3.75, 'Filled'),
(347, 2, 4, 4, 'Filled'),
(348, 3, 11, 4.5, 'Filled'),
(348, 7, 11, 3.75, 'Filled'),
(348, 2, 16, 4, 'Filled'),
(348, 4, 8, 3.75, 'Filled'),
(349, 5, 1, 3.75, 'Filled'),
(349, 3, 27, 4.5, 'Filled'),
(350, 2, 14, 4, 'Filled'),
(350, 7, 6, 3.75, 'Filled'),
(351, 4, 26, 3.75, 'Filled'),
(351, 3, 29, 4.5, 'Filled'),
(352, 6, 25, 3, 'Filled'),
(352, 2, 26, 4, 'Filled'),
(352, 3, 11, 4.5, 'Filled'),
(352, 5, 3, 3.75, 'Filled'),
(353, 7, 22, 3.75, 'Filled'),
(353, 3, 9, 4.5, 'Filled'),
(353, 4, 10, 3.75, 'Filled'),
(353, 5, 23, 3.75, 'Filled'),
(354, 6, 15, 3, 'Filled'),
(355, 7, 7, 3.75, 'Filled'),
(355, 4, 26, 3.75, 'Filled'),
(356, 4, 14, 3.75, 'Filled'),
(356, 5, 14, 3.75, 'Filled'),
(356, 2, 4, 4, 'Filled'),
(356, 6, 26, 3, 'Filled'),
(356, 3, 16, 4.5, 'Filled'),
(357, 7, 9, 3.75, 'Filled'),
(358, 4, 4, 3.75, 'Filled'),
(358, 5, 19, 3.75, 'Filled'),
(358, 2, 16, 4, 'Filled'),
(359, 2, 15, 4, 'Filled'),
(359, 5, 22, 3.75, 'Filled'),
(359, 7, 11, 3.75, 'Filled'),
(360, 4, 1, 3.75, 'Filled'),
(360, 3, 5, 4.5, 'Filled'),
(361, 2, 9, 4, 'Filled'),
(361, 3, 4, 4.5, 'Filled'),
(362, 7, 19, 3.75, 'Filled'),
(363, 4, 29, 3.75, 'Filled'),
(364, 2, 11, 4, 'Filled'),
(364, 5, 6, 3.75, 'Filled'),
(364, 3, 27, 4.5, 'Filled'),
(365, 5, 3, 3.75, 'Filled'),
(365, 3, 3, 4.5, 'Filled'),
(365, 7, 22, 3.75, 'Filled'),
(366, 6, 26, 3, 'Filled'),
(366, 3, 29, 4.5, 'Filled'),
(367, 7, 10, 3.75, 'Filled'),
(367, 4, 6, 3.75, 'Filled'),
(368, 3, 22, 4.5, 'Filled'),
(368, 7, 28, 3.75, 'Filled'),
(368, 4, 25, 3.75, 'Filled'),
(369, 2, 12, 4, 'Filled'),
(369, 6, 21, 3, 'Filled'),
(369, 4, 27, 3.75, 'Filled'),
(369, 7, 28, 3.75, 'Filled'),
(369, 3, 18, 4.5, 'Filled'),
(369, 5, 22, 3.75, 'Filled'),
(370, 2, 13, 4, 'Filled'),
(370, 3, 2, 4.5, 'Filled'),
(370, 6, 12, 3, 'Filled'),
(371, 2, 11, 4, 'Filled'),
(372, 2, 15, 4, 'Filled'),
(372, 5, 24, 3.75, 'Filled'),
(372, 7, 3, 3.75, 'Filled'),
(373, 7, 20, 3.75, 'Filled'),
(373, 2, 20, 4, 'Filled'),
(374, 7, 5, 3.75, 'Filled'),
(374, 6, 12, 3, 'Filled'),
(374, 4, 25, 3.75, 'Filled'),
(374, 3, 19, 4.5, 'Filled'),
(375, 6, 6, 3, 'Filled'),
(375, 3, 17, 4.5, 'Filled'),
(375, 2, 14, 4, 'Filled'),
(375, 7, 15, 3.75, 'Filled'),
(375, 5, 3, 3.75, 'Filled'),
(376, 4, 7, 3.75, 'Filled'),
(377, 3, 4, 4.5, 'Filled'),
(378, 2, 24, 4, 'Filled'),
(379, 5, 6, 3.75, 'Filled'),
(379, 3, 24, 4.5, 'Filled'),
(380, 5, 11, 3.75, 'Filled'),
(380, 3, 12, 4.5, 'Filled'),
(380, 6, 13, 3, 'Filled'),
(381, 7, 11, 3.75, 'Filled'),
(382, 6, 18, 3, 'Filled'),
(382, 4, 7, 3.75, 'Filled'),
(382, 7, 6, 3.75, 'Filled'),
(382, 3, 27, 4.5, 'Filled'),
(383, 6, 9, 3, 'Filled'),
(383, 7, 13, 3.75, 'Filled'),
(383, 3, 26, 4.5, 'Filled'),
(383, 2, 10, 4, 'Filled'),
(383, 4, 17, 3.75, 'Filled'),
(383, 5, 17, 3.75, 'Filled'),
(384, 5, 16, 3.75, 'Filled'),
(384, 2, 4, 4, 'Filled'),
(384, 3, 2, 4.5, 'Filled'),
(385, 3, 9, 4.5, 'Filled'),
(385, 7, 21, 3.75, 'Filled'),
(385, 2, 10, 4, 'Filled'),
(386, 4, 4, 3.75, 'Filled'),
(386, 3, 15, 4.5, 'Filled'),
(386, 2, 26, 4, 'Filled'),
(386, 6, 3, 3, 'Filled'),
(386, 5, 8, 3.75, 'Filled'),
(386, 7, 21, 3.75, 'Filled'),
(387, 3, 2, 4.5, 'Filled'),
(388, 5, 7, 3.75, 'Filled'),
(388, 6, 19, 3, 'Filled'),
(388, 7, 20, 3.75, 'Filled'),
(389, 7, 6, 3.75, 'Filled'),
(389, 5, 21, 3.75, 'Filled'),
(389, 2, 11, 4, 'Filled'),
(390, 3, 4, 4.5, 'Filled'),
(391, 2, 6, 4, 'Filled'),
(391, 7, 12, 3.75, 'Filled'),
(391, 3, 22, 4.5, 'Filled'),
(392, 5, 12, 3.75, 'Filled'),
(393, 5, 23, 3.75, 'Filled'),
(393, 6, 1, 3, 'Filled'),
(393, 2, 18, 4, 'Filled'),
(394, 2, 23, 4, 'Filled'),
(395, 5, 10, 3.75, 'Filled'),
(396, 2, 18, 4, 'Filled'),
(396, 7, 28, 3.75, 'Filled'),
(396, 4, 6, 3.75, 'Filled'),
(396, 6, 15, 3, 'Filled'),
(396, 5, 24, 3.75, 'Filled'),
(396, 3, 2, 4.5, 'Filled'),
(397, 4, 6, 3.75, 'Filled'),
(397, 7, 8, 3.75, 'Filled'),
(397, 5, 9, 3.75, 'Filled'),
(398, 4, 3, 3.75, 'Filled'),
(399, 6, 1, 3, 'Filled'),
(399, 2, 28, 4, 'Filled'),
(400, 6, 13, 3, 'Filled'),
(401, 3, 6, 4.5, 'Filled'),
(401, 5, 20, 3.75, 'Filled'),
(401, 7, 19, 3.75, 'Filled'),
(402, 2, 4, 4, 'Filled'),
(402, 7, 1, 3.75, 'Filled'),
(402, 4, 9, 3.75, 'Filled'),
(403, 5, 24, 3.75, 'Filled'),
(403, 3, 13, 4.5, 'Filled'),
(404, 6, 28, 3, 'Filled'),
(405, 5, 27, 3.75, 'Filled'),
(405, 3, 25, 4.5, 'Filled'),
(405, 4, 17, 3.75, 'Filled'),
(406, 7, 5, 3.75, 'Filled'),
(407, 6, 11, 3, 'Filled'),
(407, 3, 20, 4.5, 'Filled'),
(407, 4, 5, 3.75, 'Filled'),
(407, 7, 23, 3.75, 'Filled'),
(407, 2, 19, 4, 'Filled'),
(408, 7, 12, 3.75, 'Filled'),
(408, 2, 25, 4, 'Filled'),
(408, 4, 26, 3.75, 'Filled'),
(409, 2, 4, 4, 'Filled'),
(409, 4, 10, 3.75, 'Filled'),
(409, 7, 28, 3.75, 'Filled'),
(409, 3, 25, 4.5, 'Filled'),
(410, 5, 13, 3.75, 'Filled'),
(411, 4, 9, 3.75, 'Filled'),
(411, 2, 28, 4, 'Filled'),
(412, 5, 22, 3.75, 'Filled'),
(412, 4, 11, 3.75, 'Filled'),
(412, 2, 5, 4, 'Filled'),
(412, 6, 8, 3, 'Filled'),
(412, 3, 12, 4.5, 'Filled'),
(412, 7, 5, 3.75, 'Filled'),
(413, 3, 29, 4.5, 'Filled'),
(414, 5, 1, 3.75, 'Filled'),
(414, 6, 5, 3, 'Filled'),
(414, 7, 26, 3.75, 'Filled'),
(414, 2, 9, 4, 'Filled'),
(414, 3, 23, 4.5, 'Filled'),
(414, 4, 17, 3.75, 'Filled'),
(415, 4, 28, 3.75, 'Filled'),
(415, 7, 20, 3.75, 'Filled'),
(415, 6, 23, 3, 'Filled'),
(415, 3, 22, 4.5, 'Filled'),
(416, 3, 7, 4.5, 'Filled'),
(416, 2, 23, 4, 'Filled'),
(417, 6, 7, 3, 'Filled'),
(418, 6, 16, 3, 'Filled'),
(418, 7, 25, 3.75, 'Filled'),
(419, 6, 8, 3, 'Filled'),
(419, 3, 4, 4.5, 'Filled'),
(420, 7, 2, 3.75, 'Filled'),
(420, 6, 17, 3, 'Filled'),
(420, 4, 1, 3.75, 'Filled'),
(420, 3, 8, 4.5, 'Filled'),
(421, 3, 19, 4.5, 'Filled'),
(421, 6, 28, 3, 'Filled'),
(422, 4, 28, 3.75, 'Filled'),
(422, 6, 2, 3, 'Filled'),
(422, 5, 23, 3.75, 'Filled'),
(422, 7, 9, 3.75, 'Filled'),
(422, 3, 24, 4.5, 'Filled'),
(423, 6, 12, 3, 'Filled'),
(423, 5, 20, 3.75, 'Filled'),
(423, 3, 9, 4.5, 'Filled'),
(424, 2, 4, 4, 'Filled'),
(424, 7, 2, 3.75, 'Filled'),
(424, 4, 19, 3.75, 'Filled'),
(424, 5, 9, 3.75, 'Filled'),
(425, 7, 29, 3.75, 'Filled'),
(425, 2, 13, 4, 'Filled'),
(425, 3, 15, 4.5, 'Filled'),
(425, 5, 6, 3.75, 'Filled'),
(425, 4, 12, 3.75, 'Filled'),
(425, 6, 26, 3, 'Filled'),
(426, 7, 1, 3.75, 'Filled'),
(427, 3, 8, 4.5, 'Filled'),
(428, 3, 1, 4.5, 'Filled'),
(428, 5, 12, 3.75, 'Filled'),
(428, 4, 3, 3.75, 'Filled'),
(429, 5, 10, 3.75, 'Filled'),
(429, 7, 23, 3.75, 'Filled'),
(429, 6, 1, 3, 'Filled'),
(429, 2, 12, 4, 'Filled'),
(429, 3, 8, 4.5, 'Filled'),
(430, 4, 13, 3.75, 'Filled'),
(430, 5, 15, 3.75, 'Filled'),
(430, 3, 21, 4.5, 'Filled'),
(431, 3, 11, 4.5, 'Filled'),
(432, 6, 20, 3, 'Filled'),
(433, 6, 1, 3, 'Filled'),
(433, 4, 27, 3.75, 'Filled'),
(433, 2, 28, 4, 'Filled'),
(434, 4, 9, 3.75, 'Filled'),
(434, 2, 11, 4, 'Filled'),
(434, 6, 2, 3, 'Filled'),
(434, 7, 9, 3.75, 'Filled'),
(434, 3, 21, 4.5, 'Filled'),
(435, 4, 2, 3.75, 'Filled'),
(435, 6, 23, 3, 'Filled'),
(436, 5, 17, 3.75, 'Filled'),
(436, 7, 10, 3.75, 'Filled'),
(436, 3, 26, 4.5, 'Filled'),
(436, 6, 9, 3, 'Filled'),
(437, 7, 26, 3.75, 'Filled'),
(437, 3, 4, 4.5, 'Filled'),
(437, 2, 7, 4, 'Filled'),
(438, 6, 22, 3, 'Filled'),
(438, 7, 8, 3.75, 'Filled'),
(439, 2, 18, 4, 'Filled'),
(439, 6, 13, 3, 'Filled'),
(439, 4, 2, 3.75, 'Filled'),
(440, 4, 13, 3.75, 'Filled'),
(441, 2, 6, 4, 'Filled'),
(441, 7, 10, 3.75, 'Filled'),
(442, 4, 8, 3.75, 'Filled'),
(443, 3, 28, 4.5, 'Filled'),
(443, 6, 7, 3, 'Filled'),
(444, 5, 10, 3.75, 'Filled'),
(444, 7, 6, 3.75, 'Filled'),
(444, 3, 28, 4.5, 'Filled'),
(444, 4, 20, 3.75, 'Filled'),
(444, 6, 29, 3, 'Filled'),
(445, 4, 20, 3.75, 'Filled'),
(445, 5, 19, 3.75, 'Filled'),
(445, 3, 23, 4.5, 'Filled'),
(446, 2, 15, 4, 'Filled'),
(447, 6, 26, 3, 'Filled'),
(447, 5, 16, 3.75, 'Filled'),
(447, 4, 21, 3.75, 'Filled'),
(447, 7, 21, 3.75, 'Filled'),
(448, 7, 15, 3.75, 'Filled'),
(449, 6, 2, 3, 'Filled'),
(449, 4, 7, 3.75, 'Filled'),
(449, 5, 8, 3.75, 'Filled'),
(450, 6, 15, 3, 'Filled'),
(451, 3, 1, 4.5, 'Filled'),
(451, 7, 28, 3.75, 'Filled'),
(451, 6, 25, 3, 'Filled'),
(452, 7, 1, 3.75, 'Filled'),
(452, 3, 9, 4.5, 'Filled'),
(452, 2, 27, 4, 'Filled'),
(453, 7, 6, 3.75, 'Filled'),
(453, 3, 2, 4.5, 'Filled'),
(453, 2, 18, 4, 'Filled'),
(454, 2, 5, 4, 'Filled'),
(454, 5, 6, 3.75, 'Filled'),
(455, 4, 5, 3.75, 'Filled'),
(455, 2, 24, 4, 'Filled'),
(455, 5, 1, 3.75, 'Filled'),
(455, 3, 11, 4.5, 'Filled'),
(455, 6, 28, 3, 'Filled'),
(456, 6, 9, 3, 'Filled'),
(456, 2, 1, 4, 'Filled'),
(456, 7, 6, 3.75, 'Filled'),
(457, 2, 27, 4, 'Filled'),
(457, 3, 21, 4.5, 'Filled'),
(458, 6, 28, 3, 'Filled'),
(459, 3, 12, 4.5, 'Filled'),
(460, 6, 6, 3, 'Filled'),
(461, 2, 2, 4, 'Filled'),
(461, 6, 20, 3, 'Filled'),
(462, 5, 7, 3.75, 'Filled'),
(462, 3, 26, 4.5, 'Filled'),
(463, 4, 28, 3.75, 'Filled'),
(463, 3, 22, 4.5, 'Filled'),
(463, 2, 8, 4, 'Filled'),
(463, 6, 14, 3, 'Filled'),
(464, 3, 17, 4.5, 'Filled'),
(465, 6, 16, 3, 'Filled'),
(465, 2, 10, 4, 'Filled'),
(465, 5, 29, 3.75, 'Filled'),
(465, 4, 13, 3.75, 'Filled'),
(466, 6, 8, 3, 'Filled'),
(466, 3, 21, 4.5, 'Filled'),
(466, 4, 23, 3.75, 'Filled'),
(466, 7, 27, 3.75, 'Filled'),
(467, 3, 13, 4.5, 'Filled'),
(467, 4, 22, 3.75, 'Filled'),
(467, 2, 4, 4, 'Filled'),
(467, 6, 11, 3, 'Filled'),
(468, 4, 5, 3.75, 'Filled'),
(468, 5, 22, 3.75, 'Filled'),
(468, 3, 21, 4.5, 'Filled'),
(469, 6, 23, 3, 'Filled'),
(469, 4, 26, 3.75, 'Filled'),
(469, 3, 22, 4.5, 'Filled'),
(469, 2, 4, 4, 'Filled'),
(469, 5, 13, 3.75, 'Filled'),
(470, 5, 11, 3.75, 'Filled'),
(470, 4, 8, 3.75, 'Filled'),
(471, 6, 26, 3, 'Filled'),
(472, 4, 14, 3.75, 'Filled'),
(473, 4, 26, 3.75, 'Filled'),
(473, 6, 23, 3, 'Filled'),
(473, 7, 5, 3.75, 'Filled'),
(474, 2, 11, 4, 'Filled'),
(475, 2, 19, 4, 'Filled'),
(476, 5, 19, 3.75, 'Filled'),
(476, 3, 18, 4.5, 'Filled'),
(477, 4, 21, 3.75, 'Filled'),
(477, 5, 3, 3.75, 'Filled'),
(477, 6, 28, 3, 'Filled'),
(477, 3, 16, 4.5, 'Filled'),
(477, 7, 19, 3.75, 'Filled'),
(478, 6, 3, 3, 'Filled'),
(478, 7, 14, 3.75, 'Filled'),
(478, 4, 21, 3.75, 'Filled'),
(479, 6, 13, 3, 'Filled'),
(479, 4, 8, 3.75, 'Filled'),
(480, 2, 4, 4, 'Filled'),
(480, 3, 21, 4.5, 'Filled'),
(480, 4, 15, 3.75, 'Filled'),
(481, 5, 2, 3.75, 'Filled'),
(481, 2, 8, 4, 'Filled'),
(481, 4, 23, 3.75, 'Filled'),
(481, 7, 24, 3.75, 'Filled'),
(482, 7, 26, 3.75, 'Filled'),
(482, 6, 6, 3, 'Filled'),
(482, 5, 5, 3.75, 'Filled'),
(483, 6, 22, 3, 'Filled'),
(483, 7, 7, 3.75, 'Filled'),
(483, 5, 28, 3.75, 'Filled'),
(484, 3, 17, 4.5, 'Filled'),
(484, 6, 24, 3, 'Filled'),
(484, 7, 1, 3.75, 'Filled'),
(484, 2, 12, 4, 'Filled'),
(484, 4, 4, 3.75, 'Filled'),
(484, 5, 26, 3.75, 'Filled'),
(485, 4, 29, 3.75, 'Filled'),
(485, 3, 2, 4.5, 'Filled'),
(485, 7, 21, 3.75, 'Filled'),
(485, 5, 5, 3.75, 'Filled'),
(486, 7, 29, 3.75, 'Filled'),
(487, 5, 5, 3.75, 'Filled'),
(487, 7, 11, 3.75, 'Filled'),
(488, 2, 26, 4, 'Filled'),
(488, 3, 2, 4.5, 'Filled'),
(488, 6, 28, 3, 'Filled'),
(489, 2, 6, 4, 'Filled'),
(489, 7, 23, 3.75, 'Filled'),
(490, 6, 1, 3, 'Filled'),
(490, 2, 3, 4, 'Filled'),
(491, 3, 1, 4.5, 'Filled'),
(492, 6, 24, 3, 'Filled'),
(492, 7, 13, 3.75, 'Filled'),
(492, 5, 22, 3.75, 'Filled'),
(493, 2, 21, 4, 'Filled'),
(493, 6, 17, 3, 'Filled'),
(494, 2, 23, 4, 'Filled'),
(494, 3, 29, 4.5, 'Filled'),
(494, 6, 23, 3, 'Filled'),
(495, 6, 28, 3, 'Filled'),
(495, 3, 1, 4.5, 'Filled'),
(495, 2, 21, 4, 'Filled'),
(495, 5, 27, 3.75, 'Filled'),
(495, 4, 18, 3.75, 'Filled'),
(495, 7, 2, 3.75, 'Filled'),
(496, 6, 25, 3, 'Filled'),
(496, 5, 18, 3.75, 'Filled'),
(497, 3, 2, 4.5, 'Filled'),
(497, 6, 24, 3, 'Filled'),
(498, 2, 22, 4, 'Filled'),
(498, 7, 28, 3.75, 'Filled'),
(499, 6, 2, 3, 'Filled'),
(499, 4, 2, 3.75, 'Filled'),
(500, 7, 15, 3.75, 'Filled'),
(500, 6, 21, 3, 'Filled'),
(500, 5, 25, 3.75, 'Filled'),
(500, 4, 11, 3.75, 'Filled'),
(501, 5, 4, 3.75, 'Filled'),
(501, 7, 20, 3.75, 'Filled'),
(501, 3, 1, 4.5, 'Filled'),
(502, 7, 8, 3.75, 'Filled'),
(502, 2, 15, 4, 'Filled'),
(502, 5, 4, 3.75, 'Filled'),
(503, 7, 26, 3.75, 'Filled'),
(504, 4, 3, 3.75, 'Filled'),
(504, 6, 8, 3, 'Filled'),
(504, 7, 10, 3.75, 'Filled'),
(505, 7, 23, 3.75, 'Filled'),
(505, 3, 1, 4.5, 'Filled'),
(506, 6, 1, 3, 'Filled'),
(506, 3, 21, 4.5, 'Filled'),
(506, 2, 4, 4, 'Filled'),
(507, 2, 10, 4, 'Filled'),
(507, 5, 9, 3.75, 'Filled'),
(507, 3, 21, 4.5, 'Filled'),
(507, 7, 18, 3.75, 'Filled'),
(508, 6, 18, 3, 'Filled'),
(509, 4, 9, 3.75, 'Filled'),
(509, 2, 1, 4, 'Filled'),
(510, 6, 16, 3, 'Filled'),
(511, 4, 25, 3.75, 'Filled'),
(511, 5, 16, 3.75, 'Filled'),
(511, 7, 12, 3.75, 'Filled'),
(511, 3, 11, 4.5, 'Filled'),
(512, 4, 8, 3.75, 'Filled'),
(512, 3, 24, 4.5, 'Filled'),
(512, 2, 26, 4, 'Filled'),
(513, 2, 10, 4, 'Filled'),
(513, 4, 18, 3.75, 'Filled'),
(513, 7, 25, 3.75, 'Filled'),
(513, 3, 13, 4.5, 'Filled'),
(514, 5, 20, 3.75, 'Filled'),
(514, 6, 17, 3, 'Filled'),
(515, 3, 16, 4.5, 'Filled'),
(516, 2, 24, 4, 'Filled'),
(516, 7, 29, 3.75, 'Filled'),
(517, 2, 24, 4, 'Filled'),
(518, 7, 29, 3.75, 'Filled'),
(519, 7, 24, 3.75, 'Filled'),
(519, 5, 20, 3.75, 'Filled'),
(519, 2, 11, 4, 'Filled'),
(519, 4, 1, 3.75, 'Filled'),
(519, 3, 17, 4.5, 'Filled'),
(520, 6, 22, 3, 'Filled'),
(520, 5, 10, 3.75, 'Filled'),
(521, 2, 12, 4, 'Filled'),
(521, 3, 28, 4.5, 'Filled'),
(522, 3, 1, 4.5, 'Filled'),
(522, 4, 2, 3.75, 'Filled'),
(522, 2, 13, 4, 'Filled'),
(522, 7, 1, 3.75, 'Filled'),
(522, 6, 8, 3, 'Filled'),
(523, 7, 17, 3.75, 'Filled'),
(523, 4, 14, 3.75, 'Filled'),
(523, 2, 3, 4, 'Filled'),
(523, 6, 16, 3, 'Filled'),
(524, 5, 11, 3.75, 'Filled'),
(524, 6, 21, 3, 'Filled'),
(525, 6, 3, 3, 'Filled'),
(525, 5, 29, 3.75, 'Filled'),
(526, 7, 21, 3.75, 'Filled'),
(526, 2, 25, 4, 'Filled'),
(526, 4, 28, 3.75, 'Filled'),
(527, 5, 6, 3.75, 'Filled'),
(528, 6, 28, 3, 'Filled'),
(528, 4, 7, 3.75, 'Filled'),
(528, 5, 20, 3.75, 'Filled'),
(528, 7, 26, 3.75, 'Filled'),
(529, 2, 10, 4, 'Filled'),
(529, 5, 5, 3.75, 'Filled'),
(529, 4, 3, 3.75, 'Filled'),
(530, 4, 19, 3.75, 'Filled'),
(530, 5, 8, 3.75, 'Filled'),
(530, 3, 9, 4.5, 'Filled'),
(530, 7, 28, 3.75, 'Filled'),
(531, 6, 6, 3, 'Filled'),
(531, 3, 21, 4.5, 'Filled'),
(532, 6, 11, 3, 'Filled'),
(532, 7, 29, 3.75, 'Filled'),
(532, 3, 17, 4.5, 'Filled'),
(532, 4, 2, 3.75, 'Filled'),
(532, 5, 23, 3.75, 'Filled'),
(533, 7, 4, 3.75, 'Filled'),
(533, 4, 22, 3.75, 'Filled'),
(533, 2, 1, 4, 'Filled'),
(533, 5, 6, 3.75, 'Filled'),
(533, 6, 10, 3, 'Filled'),
(534, 2, 1, 4, 'Filled'),
(534, 7, 19, 3.75, 'Filled'),
(535, 6, 21, 3, 'Filled'),
(535, 2, 3, 4, 'Filled'),
(536, 7, 15, 3.75, 'Filled'),
(536, 3, 6, 4.5, 'Filled'),
(536, 2, 28, 4, 'Filled'),
(536, 6, 1, 3, 'Filled'),
(536, 4, 11, 3.75, 'Filled'),
(537, 3, 3, 4.5, 'Filled'),
(537, 7, 13, 3.75, 'Filled'),
(537, 4, 7, 3.75, 'Filled'),
(537, 6, 14, 3, 'Filled'),
(538, 7, 4, 3.75, 'Filled'),
(538, 6, 27, 3, 'Filled'),
(538, 3, 8, 4.5, 'Filled'),
(539, 5, 25, 3.75, 'Filled'),
(540, 2, 29, 4, 'Filled'),
(541, 4, 1, 3.75, 'Filled'),
(541, 6, 18, 3, 'Filled'),
(541, 2, 12, 4, 'Filled'),
(542, 3, 20, 4.5, 'Filled'),
(543, 6, 2, 3, 'Filled'),
(543, 3, 16, 4.5, 'Filled'),
(543, 5, 7, 3.75, 'Filled'),
(544, 3, 15, 4.5, 'Filled'),
(545, 2, 16, 4, 'Filled'),
(545, 6, 10, 3, 'Filled'),
(545, 7, 6, 3.75, 'Filled'),
(545, 4, 15, 3.75, 'Filled'),
(546, 3, 26, 4.5, 'Filled'),
(546, 6, 11, 3, 'Filled'),
(547, 7, 20, 3.75, 'Filled'),
(547, 5, 2, 3.75, 'Filled'),
(547, 6, 6, 3, 'Filled'),
(548, 5, 24, 3.75, 'Filled'),
(548, 7, 21, 3.75, 'Filled'),
(549, 5, 5, 3.75, 'Filled'),
(549, 6, 5, 3, 'Filled'),
(549, 3, 26, 4.5, 'Filled'),
(550, 7, 8, 3.75, 'Filled'),
(550, 3, 14, 4.5, 'Filled'),
(550, 2, 15, 4, 'Filled'),
(551, 6, 22, 3, 'Filled'),
(551, 2, 7, 4, 'Filled'),
(551, 4, 3, 3.75, 'Filled'),
(552, 6, 13, 3, 'Filled'),
(553, 2, 29, 4, 'Filled'),
(553, 6, 10, 3, 'Filled'),
(554, 2, 27, 4, 'Filled'),
(554, 7, 5, 3.75, 'Filled'),
(555, 3, 26, 4.5, 'Filled'),
(556, 3, 23, 4.5, 'Filled'),
(556, 7, 7, 3.75, 'Filled'),
(556, 2, 12, 4, 'Filled'),
(556, 4, 28, 3.75, 'Filled'),
(557, 5, 21, 3.75, 'Filled'),
(557, 4, 7, 3.75, 'Filled'),
(557, 7, 6, 3.75, 'Filled'),
(557, 6, 12, 3, 'Filled'),
(558, 6, 16, 3, 'Filled'),
(558, 5, 17, 3.75, 'Filled'),
(559, 7, 26, 3.75, 'Filled'),
(560, 3, 21, 4.5, 'Filled'),
(561, 2, 29, 4, 'Filled'),
(562, 2, 15, 4, 'Filled'),
(562, 5, 13, 3.75, 'Filled'),
(563, 2, 27, 4, 'Filled'),
(563, 6, 11, 3, 'Filled'),
(563, 4, 11, 3.75, 'Filled'),
(564, 6, 15, 3, 'Filled'),
(565, 6, 28, 3, 'Filled'),
(565, 5, 27, 3.75, 'Filled'),
(566, 3, 7, 4.5, 'Filled'),
(566, 7, 9, 3.75, 'Filled'),
(567, 3, 1, 4.5, 'Filled'),
(567, 5, 28, 3.75, 'Filled'),
(568, 7, 8, 3.75, 'Filled'),
(568, 2, 24, 4, 'Filled'),
(569, 3, 8, 4.5, 'Filled'),
(570, 7, 25, 3.75, 'Filled'),
(570, 5, 4, 3.75, 'Filled'),
(570, 2, 16, 4, 'Filled'),
(570, 3, 22, 4.5, 'Filled'),
(571, 2, 5, 4, 'Filled'),
(572, 6, 11, 3, 'Filled'),
(573, 4, 11, 3.75, 'Filled'),
(573, 6, 12, 3, 'Filled'),
(573, 3, 5, 4.5, 'Filled'),
(574, 3, 3, 4.5, 'Filled'),
(575, 3, 18, 4.5, 'Filled'),
(576, 4, 15, 3.75, 'Filled'),
(576, 2, 11, 4, 'Filled'),
(577, 4, 24, 3.75, 'Filled'),
(578, 6, 12, 3, 'Filled'),
(578, 2, 6, 4, 'Filled'),
(578, 4, 29, 3.75, 'Filled'),
(578, 3, 21, 4.5, 'Filled'),
(579, 4, 9, 3.75, 'Filled'),
(579, 7, 10, 3.75, 'Filled'),
(580, 6, 23, 3, 'Filled'),
(581, 5, 26, 3.75, 'Filled'),
(581, 3, 13, 4.5, 'Filled'),
(582, 6, 19, 3, 'Filled'),
(582, 5, 1, 3.75, 'Filled'),
(582, 4, 7, 3.75, 'Filled'),
(583, 3, 10, 4.5, 'Filled'),
(584, 5, 26, 3.75, 'Filled'),
(585, 5, 19, 3.75, 'Filled'),
(585, 7, 1, 3.75, 'Filled'),
(585, 4, 23, 3.75, 'Filled'),
(586, 7, 18, 3.75, 'Filled'),
(586, 6, 2, 3, 'Filled'),
(586, 3, 23, 4.5, 'Filled'),
(587, 6, 11, 3, 'Filled'),
(587, 3, 7, 4.5, 'Filled'),
(587, 7, 22, 3.75, 'Filled'),
(588, 4, 11, 3.75, 'Filled'),
(588, 5, 4, 3.75, 'Filled'),
(588, 3, 17, 4.5, 'Filled'),
(589, 5, 12, 3.75, 'Filled'),
(589, 2, 18, 4, 'Filled'),
(590, 5, 20, 3.75, 'Filled'),
(590, 2, 3, 4, 'Filled'),
(590, 4, 22, 3.75, 'Filled'),
(590, 6, 1, 3, 'Filled'),
(591, 4, 25, 3.75, 'Filled'),
(591, 6, 18, 3, 'Filled'),
(591, 5, 8, 3.75, 'Filled'),
(591, 2, 13, 4, 'Filled'),
(591, 3, 2, 4.5, 'Filled'),
(591, 7, 20, 3.75, 'Filled'),
(592, 4, 19, 3.75, 'Filled'),
(593, 5, 10, 3.75, 'Filled'),
(594, 2, 18, 4, 'Filled'),
(594, 7, 24, 3.75, 'Filled'),
(594, 3, 25, 4.5, 'Filled'),
(595, 5, 22, 3.75, 'Filled'),
(595, 3, 5, 4.5, 'Filled'),
(595, 2, 8, 4, 'Filled'),
(595, 7, 25, 3.75, 'Filled'),
(596, 5, 13, 3.75, 'Filled'),
(596, 6, 27, 3, 'Filled'),
(596, 7, 18, 3.75, 'Filled'),
(597, 7, 9, 3.75, 'Filled'),
(598, 2, 5, 4, 'Filled'),
(599, 5, 22, 3.75, 'Filled'),
(599, 4, 27, 3.75, 'Filled'),
(599, 3, 11, 4.5, 'Filled'),
(600, 5, 3, 3.75, 'Filled'),
(601, 4, 3, 3.75, 'Filled'),
(602, 4, 15, 3.75, 'Filled'),
(603, 2, 25, 4, 'Filled'),
(603, 4, 20, 3.75, 'Filled'),
(604, 2, 11, 4, 'Filled'),
(605, 2, 7, 4, 'Filled'),
(606, 4, 9, 3.75, 'Filled'),
(607, 3, 16, 4.5, 'Filled'),
(607, 2, 13, 4, 'Filled'),
(607, 7, 1, 3.75, 'Filled'),
(607, 4, 13, 3.75, 'Filled'),
(607, 5, 9, 3.75, 'Filled'),
(608, 2, 6, 4, 'Filled'),
(608, 3, 9, 4.5, 'Filled'),
(609, 7, 17, 3.75, 'Filled'),
(610, 5, 17, 3.75, 'Filled'),
(610, 6, 13, 3, 'Filled'),
(610, 4, 3, 3.75, 'Filled'),
(611, 2, 17, 4, 'Filled'),
(611, 5, 1, 3.75, 'Filled'),
(612, 5, 1, 3.75, 'Filled'),
(613, 2, 7, 4, 'Filled'),
(613, 6, 25, 3, 'Filled'),
(613, 7, 27, 3.75, 'Filled'),
(613, 5, 27, 3.75, 'Filled'),
(613, 4, 1, 3.75, 'Filled'),
(613, 3, 28, 4.5, 'Filled'),
(614, 6, 27, 3, 'Filled'),
(615, 5, 22, 3.75, 'Filled'),
(615, 7, 11, 3.75, 'Filled'),
(615, 6, 29, 3, 'Filled'),
(615, 4, 29, 3.75, 'Filled'),
(615, 2, 25, 4, 'Filled'),
(615, 3, 10, 4.5, 'Filled'),
(616, 7, 17, 3.75, 'Filled'),
(616, 3, 10, 4.5, 'Filled'),
(617, 6, 29, 3, 'Filled'),
(617, 4, 16, 3.75, 'Filled'),
(617, 5, 9, 3.75, 'Filled'),
(617, 7, 12, 3.75, 'Filled'),
(617, 3, 21, 4.5, 'Filled'),
(618, 5, 17, 3.75, 'Filled'),
(618, 6, 20, 3, 'Filled'),
(619, 3, 24, 4.5, 'Filled'),
(619, 7, 24, 3.75, 'Filled'),
(620, 3, 20, 4.5, 'Filled'),
(621, 4, 22, 3.75, 'Filled'),
(621, 7, 9, 3.75, 'Filled'),
(621, 2, 1, 4, 'Filled'),
(621, 5, 19, 3.75, 'Filled'),
(622, 7, 25, 3.75, 'Filled'),
(622, 3, 10, 4.5, 'Filled'),
(623, 3, 18, 4.5, 'Filled'),
(623, 5, 25, 3.75, 'Filled'),
(623, 6, 5, 3, 'Filled'),
(623, 2, 27, 4, 'Filled'),
(624, 2, 1, 4, 'Filled'),
(625, 3, 25, 4.5, 'Filled'),
(625, 2, 18, 4, 'Filled'),
(625, 4, 2, 3.75, 'Filled'),
(626, 3, 26, 4.5, 'Filled'),
(626, 6, 8, 3, 'Filled'),
(626, 7, 22, 3.75, 'Filled'),
(626, 4, 13, 3.75, 'Filled'),
(626, 5, 8, 3.75, 'Filled'),
(627, 4, 10, 3.75, 'Filled'),
(627, 7, 18, 3.75, 'Filled'),
(627, 2, 19, 4, 'Filled'),
(628, 7, 11, 3.75, 'Filled'),
(628, 2, 4, 4, 'Filled'),
(628, 3, 27, 4.5, 'Filled'),
(629, 5, 22, 3.75, 'Filled'),
(629, 4, 24, 3.75, 'Filled'),
(629, 7, 20, 3.75, 'Filled'),
(629, 2, 18, 4, 'Filled'),
(630, 5, 15, 3.75, 'Filled'),
(630, 4, 26, 3.75, 'Filled'),
(631, 3, 7, 4.5, 'Filled'),
(632, 5, 28, 3.75, 'Filled'),
(632, 7, 1, 3.75, 'Filled'),
(632, 4, 13, 3.75, 'Filled'),
(632, 6, 10, 3, 'Filled'),
(632, 3, 18, 4.5, 'Filled'),
(633, 4, 4, 3.75, 'Filled'),
(633, 2, 26, 4, 'Filled'),
(634, 2, 1, 4, 'Filled'),
(634, 7, 26, 3.75, 'Filled'),
(634, 3, 5, 4.5, 'Filled'),
(635, 6, 11, 3, 'Filled'),
(635, 4, 14, 3.75, 'Filled'),
(635, 3, 8, 4.5, 'Filled'),
(635, 7, 1, 3.75, 'Filled'),
(636, 5, 29, 3.75, 'Filled'),
(636, 2, 6, 4, 'Filled'),
(637, 4, 21, 3.75, 'Filled'),
(637, 2, 28, 4, 'Filled'),
(637, 3, 13, 4.5, 'Filled'),
(638, 3, 9, 4.5, 'Filled'),
(639, 3, 12, 4.5, 'Filled'),
(639, 7, 16, 3.75, 'Filled'),
(639, 5, 13, 3.75, 'Filled'),
(639, 6, 12, 3, 'Filled'),
(639, 2, 20, 4, 'Filled'),
(640, 5, 26, 3.75, 'Filled'),
(640, 3, 18, 4.5, 'Filled'),
(640, 2, 29, 4, 'Filled'),
(640, 6, 14, 3, 'Filled'),
(640, 7, 2, 3.75, 'Filled'),
(641, 7, 25, 3.75, 'Filled'),
(641, 4, 7, 3.75, 'Filled'),
(642, 2, 29, 4, 'Filled'),
(642, 6, 22, 3, 'Filled'),
(642, 5, 16, 3.75, 'Filled'),
(642, 3, 1, 4.5, 'Filled'),
(643, 6, 21, 3, 'Filled'),
(643, 7, 27, 3.75, 'Filled'),
(643, 3, 12, 4.5, 'Filled'),
(643, 4, 4, 3.75, 'Filled'),
(644, 2, 2, 4, 'Filled'),
(644, 6, 22, 3, 'Filled'),
(645, 2, 13, 4, 'Filled'),
(645, 6, 17, 3, 'Filled'),
(645, 5, 19, 3.75, 'Filled'),
(645, 7, 16, 3.75, 'Filled'),
(645, 3, 11, 4.5, 'Filled'),
(646, 6, 26, 3, 'Filled'),
(646, 5, 9, 3.75, 'Filled'),
(646, 4, 21, 3.75, 'Filled'),
(647, 3, 16, 4.5, 'Filled'),
(100, 4, 26, 3.75, 'Filled'),
(101, 4, 16, 3.75, 'Filled'),
(101, 6, 11, 3, 'Filled'),
(102, 2, 27, 4, 'Filled'),
(103, 4, 14, 3.75, 'Filled'),
(103, 6, 17, 3, 'Filled'),
(104, 2, 6, 4, 'Filled'),
(104, 6, 16, 3, 'Filled'),
(105, 5, 20, 3.75, 'Filled'),
(105, 4, 10, 3.75, 'Filled'),
(106, 7, 26, 3.75, 'Filled'),
(106, 2, 17, 4, 'Filled'),
(106, 3, 3, 4.5, 'Filled'),
(106, 5, 17, 3.75, 'Filled'),
(107, 2, 24, 4, 'Filled'),
(108, 4, 20, 3.75, 'Filled'),
(108, 5, 26, 3.75, 'Filled'),
(108, 6, 11, 3, 'Filled'),
(108, 7, 3, 3.75, 'Filled'),
(109, 4, 23, 3.75, 'Filled'),
(110, 7, 20, 3.75, 'Filled'),
(110, 5, 2, 3.75, 'Filled'),
(110, 6, 10, 3, 'Filled'),
(110, 2, 22, 4, 'Filled'),
(111, 4, 1, 3.75, 'Filled'),
(111, 7, 22, 3.75, 'Filled'),
(112, 6, 10, 3, 'Filled'),
(112, 5, 29, 3.75, 'Filled'),
(112, 7, 12, 3.75, 'Filled'),
(112, 2, 2, 4, 'Filled'),
(112, 3, 3, 4.5, 'Filled'),
(112, 4, 5, 3.75, 'Filled'),
(113, 5, 28, 3.75, 'Filled'),
(114, 4, 13, 3.75, 'Filled'),
(114, 2, 29, 4, 'Filled'),
(114, 6, 1, 3, 'Filled'),
(114, 3, 20, 4.5, 'Filled'),
(114, 5, 29, 3.75, 'Filled'),
(114, 7, 9, 3.75, 'Filled'),
(115, 2, 15, 4, 'Filled'),
(115, 6, 26, 3, 'Filled'),
(115, 3, 4, 4.5, 'Filled'),
(115, 4, 10, 3.75, 'Filled'),
(115, 7, 11, 3.75, 'Filled'),
(116, 6, 2, 3, 'Filled'),
(116, 7, 22, 3.75, 'Filled'),
(117, 7, 13, 3.75, 'Filled'),
(117, 5, 10, 3.75, 'Filled'),
(117, 6, 20, 3, 'Filled'),
(117, 2, 5, 4, 'Filled'),
(117, 3, 25, 4.5, 'Filled'),
(118, 4, 1, 3.75, 'Filled'),
(118, 5, 2, 3.75, 'Filled'),
(119, 2, 3, 4, 'Filled'),
(119, 6, 9, 3, 'Filled'),
(119, 5, 19, 3.75, 'Filled'),
(120, 2, 19, 4, 'Filled'),
(121, 7, 6, 3.75, 'Filled'),
(122, 6, 19, 3, 'Filled'),
(122, 4, 6, 3.75, 'Filled'),
(122, 2, 1, 4, 'Filled'),
(123, 6, 5, 3, 'Filled'),
(124, 7, 11, 3.75, 'Filled'),
(124, 3, 15, 4.5, 'Filled'),
(124, 2, 14, 4, 'Filled');

-- --------------------------------------------------------

--
-- Table structure for table `ordersummary`
--

CREATE TABLE `ordersummary` (
  `OrderID` int NOT NULL,
  `CustomerID` int NOT NULL,
  `EmployeeID` int NOT NULL,
  `OrderDate` timestamp NOT NULL DEFAULT CURRENT_TIMESTAMP,
  `OrderTotalPrice` int NOT NULL
) ENGINE=InnoDB DEFAULT CHARSET=utf8mb4 COLLATE=utf8mb4_general_ci;

--
-- Dumping data for table `ordersummary`
--

INSERT INTO `ordersummary` (`OrderID`, `CustomerID`, `EmployeeID`, `OrderDate`, `OrderTotalPrice`) VALUES
(26, 3, 5, '2022-04-30 18:38:10', 113),
(27, 4, 4, '2022-04-30 19:32:28', 4),
(28, 3, 4, '2022-04-30 05:00:00', 113),
(29, 3, 6, '2020-10-30 12:21:55', 299),
(100, 3, 4, '2020-10-30 12:32:19', 98),
(101, 4, 6, '2020-10-31 12:32:19', 93),
(102, 3, 5, '2020-11-01 13:32:19', 108),
(103, 3, 4, '2020-11-02 13:32:19', 104),
(104, 4, 5, '2020-11-03 13:32:19', 72),
(105, 2, 4, '2020-11-04 13:32:19', 113),
(106, 3, 6, '2020-11-05 13:32:19', 243),
(107, 2, 5, '2020-11-06 13:32:19', 96),
(108, 3, 6, '2020-11-07 13:32:19', 217),
(109, 2, 4, '2020-11-08 13:32:19', 86),
(110, 4, 5, '2020-11-09 13:32:19', 201),
(111, 3, 4, '2020-11-10 13:32:19', 86),
(112, 3, 5, '2020-11-11 13:32:19', 224),
(113, 4, 5, '2020-11-12 13:32:19', 105),
(114, 2, 6, '2020-11-13 13:32:19', 400),
(115, 3, 6, '2020-11-14 13:32:19', 235),
(116, 3, 5, '2020-11-15 13:32:19', 89),
(117, 3, 5, '2020-11-16 13:32:19', 279),
(118, 4, 4, '2020-11-17 13:32:19', 11),
(119, 4, 5, '2020-11-18 13:32:19', 110),
(120, 3, 5, '2020-11-19 13:32:19', 76),
(121, 4, 5, '2020-11-20 13:32:19', 23),
(122, 4, 5, '2020-11-21 13:32:19', 84),
(123, 4, 5, '2020-11-22 13:32:19', 15),
(124, 2, 6, '2020-11-23 13:32:19', 165),
(125, 4, 4, '2020-11-24 13:32:19', 306),
(126, 2, 6, '2020-11-25 13:32:19', 118),
(127, 3, 6, '2020-11-26 13:32:19', 91),
(128, 2, 4, '2020-11-27 13:32:19', 55),
(129, 2, 5, '2020-11-28 13:32:19', 89),
(130, 2, 4, '2020-11-29 13:32:19', 126),
(131, 4, 4, '2020-11-30 13:32:19', 4),
(132, 2, 5, '2020-12-01 13:32:19', 229),
(133, 4, 5, '2020-12-02 13:32:19', 52),
(134, 2, 6, '2020-12-03 13:32:19', 27),
(135, 4, 6, '2020-12-04 13:32:19', 190),
(136, 3, 4, '2020-12-05 13:32:19', 120),
(137, 3, 4, '2020-12-06 13:32:19', 128),
(138, 4, 5, '2020-12-07 13:32:19', 122),
(139, 4, 6, '2020-12-08 13:32:19', 363),
(140, 3, 4, '2020-12-09 13:32:19', 45),
(141, 2, 6, '2020-12-10 13:32:19', 127),
(142, 3, 4, '2020-12-11 13:32:19', 178),
(143, 4, 5, '2020-12-12 13:32:19', 77),
(144, 2, 4, '2020-12-13 13:32:19', 150),
(145, 2, 6, '2020-12-14 13:32:19', 125),
(146, 3, 5, '2020-12-15 13:32:19', 64),
(147, 3, 6, '2020-12-16 13:32:19', 80),
(148, 2, 5, '2020-12-17 13:32:19', 153),
(149, 3, 4, '2020-12-18 13:32:19', 274),
(150, 4, 6, '2020-12-19 13:32:19', 203),
(151, 4, 4, '2020-12-20 13:32:19', 26),
(152, 2, 4, '2020-12-21 13:32:19', 34),
(153, 3, 4, '2020-12-22 13:32:19', 270),
(154, 3, 6, '2020-12-23 13:32:19', 32),
(155, 2, 5, '2020-12-24 13:32:19', 175),
(156, 4, 4, '2020-12-25 13:32:19', 23),
(157, 2, 4, '2020-12-26 13:32:19', 158),
(158, 4, 6, '2020-12-27 13:32:19', 148),
(159, 4, 5, '2020-12-28 13:32:19', 11),
(160, 2, 6, '2020-12-29 13:32:19', 148),
(161, 4, 4, '2020-12-30 13:32:19', 23),
(162, 3, 4, '2020-12-31 13:32:19', 220),
(163, 3, 5, '2021-01-01 13:32:19', 124),
(164, 2, 6, '2021-01-02 13:32:19', 87),
(165, 4, 6, '2021-01-03 13:32:19', 283),
(166, 2, 5, '2021-01-04 13:32:19', 107),
(167, 2, 4, '2021-01-05 13:32:19', 51),
(168, 3, 5, '2021-01-06 13:32:19', 253),
(169, 4, 4, '2021-01-07 13:32:19', 68),
(170, 4, 6, '2021-01-08 13:32:19', 35),
(171, 2, 5, '2021-01-09 13:32:19', 146),
(172, 3, 5, '2021-01-10 13:32:19', 164),
(173, 3, 5, '2021-01-11 13:32:19', 334),
(174, 4, 6, '2021-01-12 13:32:19', 161),
(175, 4, 6, '2021-01-13 13:32:19', 189),
(176, 2, 5, '2021-01-14 13:32:19', 236),
(177, 2, 6, '2021-01-15 13:32:19', 45),
(178, 3, 5, '2021-01-16 13:32:19', 9),
(179, 2, 6, '2021-01-17 13:32:19', 65),
(180, 4, 6, '2021-01-18 13:32:19', 173),
(181, 2, 6, '2021-01-19 13:32:19', 85),
(182, 2, 6, '2021-01-20 13:32:19', 23),
(183, 4, 6, '2021-01-21 13:32:19', 191),
(184, 2, 6, '2021-01-22 13:32:19', 241),
(185, 2, 6, '2021-01-23 13:32:19', 143),
(186, 3, 6, '2021-01-24 13:32:19', 178),
(187, 3, 4, '2021-01-25 13:32:19', 197),
(188, 4, 5, '2021-01-26 13:32:19', 259),
(189, 4, 6, '2021-01-27 13:32:19', 351),
(190, 2, 6, '2021-01-28 13:32:19', 113),
(191, 4, 5, '2021-01-29 13:32:19', 167),
(192, 4, 6, '2021-01-30 13:32:19', 195),
(193, 4, 4, '2021-01-31 13:32:19', 30),
(194, 3, 5, '2021-02-01 13:32:19', 307),
(195, 3, 5, '2021-02-02 13:32:19', 4),
(196, 3, 5, '2021-02-03 13:32:19', 291),
(197, 2, 5, '2021-02-04 13:32:19', 99),
(198, 2, 5, '2021-02-05 13:32:19', 69),
(199, 2, 6, '2021-02-06 13:32:19', 176),
(200, 2, 6, '2021-02-07 13:32:19', 278),
(201, 2, 6, '2021-02-08 13:32:19', 215),
(202, 2, 4, '2021-02-09 13:32:19', 168),
(203, 4, 6, '2021-02-10 13:32:19', 14),
(204, 3, 5, '2021-02-11 13:32:19', 81),
(205, 3, 4, '2021-02-12 13:32:19', 91),
(206, 4, 6, '2021-02-13 13:32:19', 148),
(207, 4, 4, '2021-02-14 13:32:19', 3),
(208, 2, 6, '2021-02-15 13:32:19', 36),
(209, 4, 5, '2021-02-16 13:32:19', 257),
(210, 2, 6, '2021-02-17 13:32:19', 90),
(211, 4, 5, '2021-02-18 13:32:19', 342),
(212, 3, 6, '2021-02-19 13:32:19', 62),
(213, 2, 5, '2021-02-20 13:32:19', 365),
(214, 3, 5, '2021-02-21 13:32:19', 134),
(215, 2, 5, '2021-02-22 13:32:19', 183),
(216, 2, 4, '2021-02-23 13:32:19', 311),
(217, 3, 5, '2021-02-24 13:32:19', 26),
(218, 4, 6, '2021-02-25 13:32:19', 240),
(219, 3, 6, '2021-02-26 13:32:19', 264),
(220, 2, 4, '2021-02-27 13:32:19', 215),
(221, 2, 4, '2021-02-28 13:32:19', 135),
(222, 2, 6, '2021-03-01 13:32:19', 169),
(223, 3, 4, '2021-03-02 13:32:19', 54),
(224, 4, 6, '2021-03-03 13:32:19', 250),
(225, 3, 5, '2021-03-04 13:32:19', 408),
(226, 3, 5, '2021-03-05 13:32:19', 170),
(227, 4, 6, '2021-03-06 13:32:19', 115),
(228, 2, 5, '2021-03-07 13:32:19', 443),
(229, 4, 6, '2021-03-08 13:32:19', 148),
(230, 2, 5, '2021-03-09 13:32:19', 194),
(231, 2, 6, '2021-03-10 13:32:19', 377),
(232, 2, 6, '2021-03-11 13:32:19', 317),
(233, 2, 5, '2021-03-12 13:32:19', 398),
(234, 2, 5, '2021-03-13 13:32:19', 275),
(235, 2, 4, '2021-03-14 12:32:19', 168),
(236, 2, 5, '2021-03-15 12:32:19', 135),
(237, 2, 4, '2021-03-16 12:32:19', 86),
(238, 3, 5, '2021-03-17 12:32:19', 309),
(239, 3, 5, '2021-03-18 12:32:19', 107),
(240, 3, 4, '2021-03-19 12:32:19', 64),
(241, 3, 4, '2021-03-20 12:32:19', 176),
(242, 3, 4, '2021-03-21 12:32:19', 279),
(243, 3, 6, '2021-03-22 12:32:19', 94),
(244, 2, 5, '2021-03-23 12:32:19', 286),
(245, 2, 4, '2021-03-24 12:32:19', 68),
(246, 2, 6, '2021-03-25 12:32:19', 332),
(247, 3, 5, '2021-03-26 12:32:19', 91),
(248, 4, 6, '2021-03-27 12:32:19', 196),
(249, 2, 6, '2021-03-28 12:32:19', 131),
(250, 2, 5, '2021-03-29 12:32:19', 33),
(251, 3, 5, '2021-03-30 12:32:19', 108),
(252, 2, 4, '2021-03-31 12:32:19', 187),
(253, 3, 6, '2021-04-01 12:32:19', 255),
(254, 2, 6, '2021-04-02 12:32:19', 341),
(255, 4, 4, '2021-04-03 12:32:19', 43),
(256, 2, 6, '2021-04-04 12:32:19', 213),
(257, 2, 6, '2021-04-05 12:32:19', 83),
(258, 3, 4, '2021-04-06 12:32:19', 83),
(259, 4, 5, '2021-04-07 12:32:19', 90),
(260, 3, 6, '2021-04-08 12:32:19', 60),
(261, 4, 5, '2021-04-09 12:32:19', 209),
(262, 2, 4, '2021-04-10 12:32:19', 110),
(263, 3, 6, '2021-04-11 12:32:19', 69),
(264, 4, 6, '2021-04-12 12:32:19', 79),
(265, 4, 6, '2021-04-13 12:32:19', 77),
(266, 4, 6, '2021-04-14 12:32:19', 59),
(267, 4, 5, '2021-04-15 12:32:19', 260),
(268, 2, 6, '2021-04-16 12:32:19', 11),
(269, 2, 6, '2021-04-17 12:32:19', 292),
(270, 3, 5, '2021-04-18 12:32:19', 141),
(271, 3, 6, '2021-04-19 12:32:19', 64),
(272, 2, 6, '2021-04-20 12:32:19', 93),
(273, 2, 6, '2021-04-21 12:32:19', 327),
(274, 4, 6, '2021-04-22 12:32:19', 225),
(275, 2, 5, '2021-04-23 12:32:19', 77),
(276, 4, 5, '2021-04-24 12:32:19', 86),
(277, 2, 6, '2021-04-25 12:32:19', 204),
(278, 4, 4, '2021-04-26 12:32:19', 379),
(279, 4, 6, '2021-04-27 12:32:19', 96),
(280, 2, 4, '2021-04-28 12:32:19', 110),
(281, 3, 4, '2021-04-29 12:32:19', 207),
(282, 2, 6, '2021-04-30 12:32:19', 93),
(283, 2, 4, '2021-05-01 12:32:19', 233),
(284, 4, 5, '2021-05-02 12:32:19', 225),
(285, 4, 6, '2021-05-03 12:32:19', 248),
(286, 3, 4, '2021-05-04 12:32:19', 128),
(287, 3, 5, '2021-05-05 12:32:19', 44),
(288, 4, 6, '2021-05-06 12:32:19', 304),
(289, 3, 5, '2021-05-07 12:32:19', 117),
(290, 3, 4, '2021-05-08 12:32:19', 296),
(291, 4, 5, '2021-05-09 12:32:19', 382),
(292, 3, 4, '2021-05-10 12:32:19', 49),
(293, 4, 4, '2021-05-11 12:32:19', 90),
(294, 3, 4, '2021-05-12 12:32:19', 16),
(295, 4, 6, '2021-05-13 12:32:19', 109),
(296, 2, 4, '2021-05-14 12:32:19', 39),
(297, 3, 5, '2021-05-15 12:32:19', 103),
(298, 4, 4, '2021-05-16 12:32:19', 239),
(299, 4, 4, '2021-05-17 12:32:19', 103),
(300, 3, 6, '2021-05-18 12:32:19', 57),
(301, 3, 6, '2021-05-19 12:32:19', 365),
(302, 2, 5, '2021-05-20 12:32:19', 117),
(303, 4, 4, '2021-05-21 12:32:19', 134),
(304, 2, 5, '2021-05-22 12:32:19', 113),
(305, 2, 5, '2021-05-23 12:32:19', 227),
(306, 2, 6, '2021-05-24 12:32:19', 278),
(307, 3, 5, '2021-05-25 12:32:19', 104),
(308, 3, 4, '2021-05-26 12:32:19', 81),
(309, 4, 4, '2021-05-27 12:32:19', 34),
(310, 4, 6, '2021-05-28 12:32:19', 146),
(311, 2, 6, '2021-05-29 12:32:19', 222),
(312, 3, 4, '2021-05-30 12:32:19', 26),
(313, 2, 6, '2021-05-31 12:32:19', 239),
(314, 3, 6, '2021-06-01 12:32:19', 157),
(315, 2, 6, '2021-06-02 12:32:19', 125),
(316, 3, 5, '2021-06-03 12:32:19', 409),
(317, 4, 4, '2021-06-04 12:32:19', 95),
(318, 4, 6, '2021-06-05 12:32:19', 181),
(319, 4, 5, '2021-06-06 12:32:19', 273),
(320, 3, 5, '2021-06-07 12:32:19', 290),
(321, 2, 5, '2021-06-08 12:32:19', 321),
(322, 4, 5, '2021-06-09 12:32:19', 109),
(323, 4, 5, '2021-06-10 12:32:19', 76),
(324, 2, 5, '2021-06-11 12:32:19', 173),
(325, 4, 5, '2021-06-12 12:32:19', 179),
(326, 3, 6, '2021-06-13 12:32:19', 93),
(327, 4, 4, '2021-06-14 12:32:19', 165),
(328, 3, 4, '2021-06-15 12:32:19', 283),
(329, 3, 6, '2021-06-16 12:32:19', 200),
(330, 3, 6, '2021-06-17 12:32:19', 158),
(331, 2, 6, '2021-06-18 12:32:19', 101),
(332, 4, 6, '2021-06-19 12:32:19', 30),
(333, 2, 6, '2021-06-20 12:32:19', 96),
(334, 3, 6, '2021-06-21 12:32:19', 157),
(335, 4, 5, '2021-06-22 12:32:19', 116),
(336, 2, 6, '2021-06-23 12:32:19', 173),
(337, 3, 4, '2021-06-24 12:32:19', 130),
(338, 2, 6, '2021-06-25 12:32:19', 169),
(339, 4, 5, '2021-06-26 12:32:19', 176),
(340, 4, 5, '2021-06-27 12:32:19', 99),
(341, 2, 5, '2021-06-28 12:32:19', 231),
(342, 2, 4, '2021-06-29 12:32:19', 227),
(343, 4, 4, '2021-06-30 12:32:19', 108),
(344, 3, 4, '2021-07-01 12:32:19', 297),
(345, 3, 4, '2021-07-02 12:32:19', 104),
(346, 4, 4, '2021-07-03 12:32:19', 120),
(347, 3, 6, '2021-07-04 12:32:19', 39),
(348, 4, 6, '2021-07-05 12:32:19', 185),
(349, 2, 5, '2021-07-06 12:32:19', 125),
(350, 2, 6, '2021-07-07 12:32:19', 79),
(351, 4, 6, '2021-07-08 12:32:19', 228),
(352, 4, 5, '2021-07-09 12:32:19', 240),
(353, 2, 4, '2021-07-10 12:32:19', 247),
(354, 2, 5, '2021-07-11 12:32:19', 45),
(355, 4, 6, '2021-07-12 12:32:19', 124),
(356, 2, 4, '2021-07-13 12:32:19', 271),
(357, 2, 6, '2021-07-14 12:32:19', 34),
(358, 4, 5, '2021-07-15 12:32:19', 150),
(359, 3, 5, '2021-07-16 12:32:19', 184),
(360, 4, 4, '2021-07-17 12:32:19', 26),
(361, 4, 4, '2021-07-18 12:32:19', 54),
(362, 4, 6, '2021-07-19 12:32:19', 71),
(363, 3, 6, '2021-07-20 12:32:19', 109),
(364, 3, 6, '2021-07-21 12:32:19', 188),
(365, 4, 5, '2021-07-22 12:32:19', 107),
(366, 4, 5, '2021-07-23 12:32:19', 209),
(367, 4, 6, '2021-07-24 12:32:19', 60),
(368, 3, 6, '2021-07-25 12:32:19', 298),
(369, 4, 5, '2021-07-26 12:32:19', 481),
(370, 3, 6, '2021-07-27 12:32:19', 97),
(371, 3, 6, '2021-07-28 12:32:19', 44),
(372, 2, 6, '2021-07-29 12:32:19', 161),
(373, 4, 5, '2021-07-30 12:32:19', 155),
(374, 3, 5, '2021-07-31 12:32:19', 234),
(375, 3, 6, '2021-08-01 12:32:19', 218),
(376, 2, 4, '2021-08-02 12:32:19', 26),
(377, 2, 5, '2021-08-03 12:32:19', 18),
(378, 2, 5, '2021-08-04 12:32:19', 96),
(379, 4, 4, '2021-08-05 12:32:19', 131),
(380, 2, 4, '2021-08-06 12:32:19', 134),
(381, 2, 4, '2021-08-07 12:32:19', 41),
(382, 4, 4, '2021-08-08 12:32:19', 224),
(383, 2, 6, '2021-08-09 12:32:19', 360),
(384, 3, 4, '2021-08-10 12:32:19', 85),
(385, 3, 4, '2021-08-11 12:32:19', 159),
(386, 2, 5, '2021-08-12 12:32:19', 304),
(387, 4, 4, '2021-08-13 12:32:19', 9),
(388, 3, 6, '2021-08-14 12:32:19', 158),
(389, 2, 6, '2021-08-15 12:32:19', 145),
(390, 2, 4, '2021-08-16 12:32:19', 18),
(391, 4, 6, '2021-08-17 12:32:19', 168),
(392, 2, 6, '2021-08-18 12:32:19', 45),
(393, 4, 4, '2021-08-19 12:32:19', 161),
(394, 2, 4, '2021-08-20 12:32:19', 92),
(395, 2, 6, '2021-08-21 12:32:19', 38),
(396, 4, 6, '2021-08-22 12:32:19', 344),
(397, 2, 4, '2021-08-23 12:32:19', 86),
(398, 3, 6, '2021-08-24 12:32:19', 11),
(399, 3, 4, '2021-08-25 12:32:19', 115),
(400, 3, 5, '2021-08-26 12:32:19', 39),
(401, 2, 5, '2021-08-27 12:32:19', 173),
(402, 4, 6, '2021-08-28 12:32:19', 54),
(403, 3, 6, '2021-08-29 12:32:19', 149),
(404, 3, 4, '2021-08-30 12:32:19', 84),
(405, 4, 5, '2021-08-31 12:32:19', 278),
(406, 4, 4, '2021-09-01 12:32:19', 19),
(407, 3, 6, '2021-09-02 12:32:19', 304),
(408, 4, 6, '2021-09-03 12:32:19', 243),
(409, 2, 5, '2021-09-04 12:32:19', 271),
(410, 4, 4, '2021-09-05 12:32:19', 49),
(411, 4, 5, '2021-09-06 12:32:19', 146),
(412, 2, 5, '2021-09-07 12:32:19', 241),
(413, 4, 4, '2021-09-08 12:32:19', 131),
(414, 3, 5, '2021-09-09 12:32:19', 320),
(415, 2, 4, '2021-09-10 12:32:19', 348),
(416, 2, 5, '2021-09-11 12:32:19', 124),
(417, 2, 5, '2021-09-12 12:32:19', 21),
(418, 4, 6, '2021-09-13 12:32:19', 142),
(419, 3, 4, '2021-09-14 12:32:19', 42),
(420, 3, 4, '2021-09-15 12:32:19', 98),
(421, 4, 4, '2021-09-16 12:32:19', 170),
(422, 2, 5, '2021-09-17 12:32:19', 339),
(423, 4, 5, '2021-09-18 12:32:19', 152),
(424, 4, 5, '2021-09-19 12:32:19', 129),
(425, 4, 6, '2021-09-20 12:32:19', 374),
(426, 4, 5, '2021-09-21 12:32:19', 4),
(427, 3, 5, '2021-09-22 12:32:19', 36),
(428, 4, 5, '2021-09-23 12:32:19', 61),
(429, 2, 4, '2021-09-24 12:32:19', 211),
(430, 3, 6, '2021-09-25 12:32:19', 200),
(431, 2, 6, '2021-09-26 12:32:19', 50),
(432, 2, 4, '2021-09-27 12:32:19', 60),
(433, 4, 4, '2021-09-28 12:32:19', 216),
(434, 3, 5, '2021-09-29 12:32:19', 212),
(435, 4, 5, '2021-09-30 12:32:19', 77),
(436, 2, 5, '2021-10-01 12:32:19', 245),
(437, 2, 6, '2021-10-02 12:32:19', 144),
(438, 3, 5, '2021-10-03 12:32:19', 96),
(439, 3, 5, '2021-10-04 12:32:19', 119),
(440, 2, 6, '2021-10-05 12:32:19', 49),
(441, 4, 5, '2021-10-06 12:32:19', 62),
(442, 4, 5, '2021-10-07 12:32:19', 30),
(443, 4, 4, '2021-10-08 12:32:19', 147),
(444, 4, 6, '2021-10-09 12:32:19', 348),
(445, 3, 6, '2021-10-10 12:32:19', 250),
(446, 3, 6, '2021-10-11 12:32:19', 60),
(447, 4, 5, '2021-10-12 12:32:19', 296),
(448, 4, 4, '2021-10-13 12:32:19', 56),
(449, 3, 4, '2021-10-14 12:32:19', 62),
(450, 2, 4, '2021-10-15 12:32:19', 45),
(451, 4, 5, '2021-10-16 12:32:19', 185),
(452, 3, 6, '2021-10-17 12:32:19', 152),
(453, 2, 6, '2021-10-18 12:32:19', 104),
(454, 2, 5, '2021-10-19 12:32:19', 43),
(455, 3, 6, '2021-10-20 12:32:19', 252),
(456, 4, 4, '2021-10-21 12:32:19', 54),
(457, 4, 4, '2021-10-22 12:32:19', 203),
(458, 3, 5, '2021-10-23 12:32:19', 84),
(459, 2, 5, '2021-10-24 12:32:19', 54),
(460, 3, 5, '2021-10-25 12:32:19', 18),
(461, 3, 4, '2021-10-26 12:32:19', 68),
(462, 3, 6, '2021-10-27 12:32:19', 143),
(463, 3, 4, '2021-10-28 12:32:19', 278),
(464, 4, 6, '2021-10-29 12:32:19', 77),
(465, 3, 4, '2021-10-30 12:32:19', 246),
(466, 2, 6, '2021-10-31 12:32:19', 306),
(467, 3, 6, '2021-11-01 12:32:19', 190),
(468, 3, 5, '2021-11-02 12:32:19', 196),
(469, 3, 5, '2021-11-03 12:32:19', 330),
(470, 3, 5, '2021-11-04 12:32:19', 71),
(471, 4, 4, '2021-11-05 12:32:19', 78),
(472, 4, 6, '2021-11-06 12:32:19', 53),
(473, 3, 6, '2021-11-07 13:32:19', 185),
(474, 3, 5, '2021-11-08 13:32:19', 44),
(475, 2, 5, '2021-11-09 13:32:19', 76),
(476, 4, 5, '2021-11-10 13:32:19', 152),
(477, 2, 5, '2021-11-11 13:32:19', 317),
(478, 3, 4, '2021-11-12 13:32:19', 140),
(479, 3, 4, '2021-11-13 13:32:19', 69),
(480, 2, 6, '2021-11-14 13:32:19', 167),
(481, 3, 5, '2021-11-15 13:32:19', 216),
(482, 3, 4, '2021-11-16 13:32:19', 134),
(483, 4, 4, '2021-11-17 13:32:19', 197),
(484, 2, 6, '2021-11-18 13:32:19', 313),
(485, 3, 5, '2021-11-19 13:32:19', 215),
(486, 3, 6, '2021-11-20 13:32:19', 109),
(487, 2, 5, '2021-11-21 13:32:19', 60),
(488, 3, 5, '2021-11-22 13:32:19', 197),
(489, 2, 6, '2021-11-23 13:32:19', 110),
(490, 3, 5, '2021-11-24 13:32:19', 15),
(491, 4, 6, '2021-11-25 13:32:19', 5),
(492, 3, 6, '2021-11-26 13:32:19', 203),
(493, 2, 5, '2021-11-27 13:32:19', 135),
(494, 3, 5, '2021-11-28 13:32:19', 292),
(495, 3, 5, '2021-11-29 13:32:19', 349),
(496, 3, 4, '2021-11-30 13:32:19', 143),
(497, 4, 5, '2021-12-01 13:32:19', 81),
(498, 3, 5, '2021-12-02 13:32:19', 193),
(499, 4, 5, '2021-12-03 13:32:19', 14),
(500, 4, 6, '2021-12-04 13:32:19', 254),
(501, 4, 6, '2021-12-05 13:32:19', 95),
(502, 4, 4, '2021-12-06 13:32:19', 105),
(503, 2, 5, '2021-12-07 13:32:19', 98),
(504, 2, 5, '2021-12-08 13:32:19', 73),
(505, 3, 6, '2021-12-09 13:32:19', 91),
(506, 2, 4, '2021-12-10 13:32:19', 114),
(507, 2, 6, '2021-12-11 13:32:19', 236),
(508, 4, 6, '2021-12-12 13:32:19', 54),
(509, 4, 5, '2021-12-13 13:32:19', 38),
(510, 2, 6, '2021-12-14 13:32:19', 48),
(511, 3, 5, '2021-12-15 13:32:19', 248),
(512, 3, 6, '2021-12-16 13:32:19', 242),
(513, 4, 4, '2021-12-17 13:32:19', 260),
(514, 2, 4, '2021-12-18 13:32:19', 126),
(515, 4, 4, '2021-12-19 13:32:19', 72),
(516, 2, 4, '2021-12-20 13:32:19', 205),
(517, 4, 5, '2021-12-21 13:32:19', 96),
(518, 3, 6, '2021-12-22 13:32:19', 109),
(519, 4, 5, '2021-12-23 13:32:19', 289),
(520, 3, 5, '2021-12-24 13:32:19', 104),
(521, 4, 6, '2021-12-25 13:32:19', 174),
(522, 3, 4, '2021-12-26 13:32:19', 92),
(523, 4, 4, '2021-12-27 13:32:19', 176),
(524, 4, 5, '2021-12-28 13:32:19', 104),
(525, 2, 4, '2021-12-29 13:32:19', 118),
(526, 2, 5, '2021-12-30 13:32:19', 284),
(527, 2, 6, '2021-12-31 13:32:19', 23),
(528, 2, 4, '2022-01-01 13:32:19', 283),
(529, 4, 6, '2022-01-02 13:32:19', 70),
(530, 2, 6, '2022-01-03 13:32:19', 247),
(531, 3, 5, '2022-01-04 13:32:19', 113),
(532, 3, 5, '2022-01-05 13:32:19', 312),
(533, 3, 4, '2022-01-06 13:32:19', 154),
(534, 2, 4, '2022-01-07 13:32:19', 75),
(535, 2, 6, '2022-01-08 13:32:19', 75),
(536, 4, 6, '2022-01-09 13:32:19', 240),
(537, 4, 6, '2022-01-10 13:32:19', 131),
(538, 3, 5, '2022-01-11 13:32:19', 132),
(539, 2, 6, '2022-01-12 13:32:19', 94),
(540, 3, 6, '2022-01-13 13:32:19', 116),
(541, 3, 6, '2022-01-14 13:32:19', 106),
(542, 3, 5, '2022-01-15 13:32:19', 90),
(543, 3, 5, '2022-01-16 13:32:19', 104),
(544, 4, 4, '2022-01-17 13:32:19', 68),
(545, 3, 6, '2022-01-18 13:32:19', 173),
(546, 3, 5, '2022-01-19 13:32:19', 150),
(547, 3, 4, '2022-01-20 13:32:19', 101),
(548, 4, 6, '2022-01-21 13:32:19', 169),
(549, 4, 5, '2022-01-22 13:32:19', 151),
(550, 2, 5, '2022-01-23 13:32:19', 153),
(551, 3, 6, '2022-01-24 13:32:19', 105),
(552, 3, 6, '2022-01-25 13:32:19', 39),
(553, 2, 6, '2022-01-26 13:32:19', 146),
(554, 4, 6, '2022-01-27 13:32:19', 127),
(555, 2, 4, '2022-01-28 13:32:19', 117),
(556, 2, 5, '2022-01-29 13:32:19', 283),
(557, 3, 5, '2022-01-30 13:32:19', 164),
(558, 2, 4, '2022-01-31 13:32:19', 112),
(559, 4, 5, '2022-02-01 13:32:19', 98),
(560, 3, 4, '2022-02-02 13:32:19', 95),
(561, 4, 6, '2022-02-03 13:32:19', 116),
(562, 2, 5, '2022-02-04 13:32:19', 109),
(563, 4, 5, '2022-02-05 13:32:19', 182),
(564, 2, 4, '2022-02-06 13:32:19', 45),
(565, 2, 6, '2022-02-07 13:32:19', 185),
(566, 3, 5, '2022-02-08 13:32:19', 65),
(567, 3, 6, '2022-02-09 13:32:19', 110),
(568, 2, 4, '2022-02-10 13:32:19', 126),
(569, 2, 6, '2022-02-11 13:32:19', 36),
(570, 3, 5, '2022-02-12 13:32:19', 272),
(571, 2, 5, '2022-02-13 13:32:19', 20),
(572, 2, 4, '2022-02-14 13:32:19', 33),
(573, 4, 5, '2022-02-15 13:32:19', 100),
(574, 2, 6, '2022-02-16 13:32:19', 14),
(575, 3, 5, '2022-02-17 13:32:19', 81),
(576, 3, 5, '2022-02-18 13:32:19', 100),
(577, 2, 6, '2022-02-19 13:32:19', 90),
(578, 4, 4, '2022-02-20 13:32:19', 263),
(579, 4, 6, '2022-02-21 13:32:19', 71),
(580, 4, 5, '2022-02-22 13:32:19', 69),
(581, 2, 4, '2022-02-23 13:32:19', 156),
(582, 2, 6, '2022-02-24 13:32:19', 87),
(583, 2, 6, '2022-02-25 13:32:19', 45),
(584, 4, 5, '2022-02-26 13:32:19', 98),
(585, 4, 6, '2022-02-27 13:32:19', 161),
(586, 2, 6, '2022-02-28 13:32:19', 177),
(587, 4, 6, '2022-03-01 13:32:19', 147),
(588, 4, 6, '2022-03-02 13:32:19', 133),
(589, 2, 5, '2022-03-03 13:32:19', 117),
(590, 3, 4, '2022-03-04 13:32:19', 173),
(591, 3, 4, '2022-03-05 13:32:19', 314),
(592, 2, 4, '2022-03-06 13:32:19', 71),
(593, 4, 5, '2022-03-07 13:32:19', 38),
(594, 3, 5, '2022-03-08 13:32:19', 275),
(595, 2, 6, '2022-03-09 13:32:19', 231),
(596, 2, 4, '2022-03-10 13:32:19', 197),
(597, 4, 4, '2022-03-11 13:32:19', 34),
(598, 4, 5, '2022-03-12 13:32:19', 20),
(599, 4, 6, '2022-03-13 12:32:19', 233),
(600, 3, 5, '2022-03-14 12:32:19', 11),
(601, 4, 6, '2022-03-15 12:32:19', 11),
(602, 3, 4, '2022-03-16 12:32:19', 56),
(603, 3, 4, '2022-03-17 12:32:19', 175),
(604, 4, 6, '2022-03-18 12:32:19', 44),
(605, 2, 6, '2022-03-19 12:32:19', 28),
(606, 4, 6, '2022-03-20 12:32:19', 34),
(607, 2, 5, '2022-03-21 12:32:19', 210),
(608, 2, 4, '2022-03-22 12:32:19', 65),
(609, 4, 5, '2022-03-23 12:32:19', 64),
(610, 3, 5, '2022-03-24 12:32:19', 114),
(611, 4, 4, '2022-03-25 12:32:19', 72),
(612, 2, 4, '2022-03-26 12:32:19', 4),
(613, 3, 5, '2022-03-27 12:32:19', 435),
(614, 3, 4, '2022-03-28 12:32:19', 81),
(615, 4, 4, '2022-03-29 12:32:19', 465),
(616, 2, 6, '2022-03-30 12:32:19', 109),
(617, 2, 6, '2022-03-31 12:32:19', 320),
(618, 4, 6, '2022-04-01 12:32:19', 124),
(619, 3, 4, '2022-04-02 12:32:19', 198),
(620, 4, 6, '2022-04-03 12:32:19', 90),
(621, 3, 5, '2022-04-04 12:32:19', 192),
(622, 2, 6, '2022-04-05 12:32:19', 139),
(623, 4, 4, '2022-04-06 12:32:19', 298),
(624, 4, 6, '2022-04-07 12:32:19', 4),
(625, 2, 5, '2022-04-08 12:32:19', 192),
(626, 4, 5, '2022-04-09 12:32:19', 302),
(627, 3, 4, '2022-04-10 12:32:19', 181),
(628, 4, 5, '2022-04-11 12:32:19', 179),
(629, 4, 6, '2022-04-12 12:32:19', 320),
(630, 3, 4, '2022-04-13 12:32:19', 154),
(631, 4, 4, '2022-04-14 12:32:19', 32),
(632, 2, 6, '2022-04-15 12:32:19', 269),
(633, 2, 6, '2022-04-16 12:32:19', 119),
(634, 3, 4, '2022-04-17 12:32:19', 124),
(635, 3, 4, '2022-04-18 12:32:19', 125),
(636, 4, 5, '2022-04-19 12:32:19', 133),
(637, 3, 4, '2022-04-20 12:32:19', 249),
(638, 2, 4, '2022-04-21 12:32:19', 41),
(639, 3, 4, '2022-04-22 12:32:19', 279),
(640, 2, 6, '2022-04-23 12:32:19', 344),
(641, 2, 4, '2022-04-24 12:32:19', 120),
(642, 2, 4, '2022-04-25 12:32:19', 247),
(643, 2, 5, '2022-04-26 12:32:19', 233),
(644, 4, 5, '2022-04-27 12:32:19', 74),
(645, 4, 4, '2022-04-28 12:32:19', 284),
(646, 3, 4, '2022-04-29 12:32:19', 191),
(647, 3, 5, '2022-04-30 12:32:19', 72);

--
-- Indexes for dumped tables
--

--
-- Indexes for table `customer`
--
ALTER TABLE `customer`
  ADD PRIMARY KEY (`CustomerID`),
  ADD KEY `CustomerID` (`CustomerID`);

--
-- Indexes for table `employee`
--
ALTER TABLE `employee`
  ADD PRIMARY KEY (`EmployeeID`),
  ADD KEY `EmployeeID` (`EmployeeID`);

--
-- Indexes for table `item`
--
ALTER TABLE `item`
  ADD PRIMARY KEY (`ItemID`),
  ADD KEY `ItemID` (`ItemID`);

--
-- Indexes for table `orderitem`
--
ALTER TABLE `orderitem`
  ADD KEY `orderitem_ibfk_1` (`ItemID`),
  ADD KEY `orderitem_ibfk_2` (`OrderID`);

--
-- Indexes for table `ordersummary`
--
ALTER TABLE `ordersummary`
  ADD PRIMARY KEY (`OrderID`),
  ADD KEY `OrderID` (`OrderID`),
  ADD KEY `CustomerID` (`CustomerID`,`EmployeeID`),
  ADD KEY `EmployeeID` (`EmployeeID`);

--
-- AUTO_INCREMENT for dumped tables
--

--
-- AUTO_INCREMENT for table `customer`
--
ALTER TABLE `customer`
  MODIFY `CustomerID` int NOT NULL AUTO_INCREMENT, AUTO_INCREMENT=5;

--
-- AUTO_INCREMENT for table `employee`
--
ALTER TABLE `employee`
  MODIFY `EmployeeID` int NOT NULL AUTO_INCREMENT, AUTO_INCREMENT=8;

--
-- AUTO_INCREMENT for table `item`
--
ALTER TABLE `item`
  MODIFY `ItemID` int NOT NULL AUTO_INCREMENT, AUTO_INCREMENT=8;

--
-- AUTO_INCREMENT for table `ordersummary`
--
ALTER TABLE `ordersummary`
  MODIFY `OrderID` int NOT NULL AUTO_INCREMENT, AUTO_INCREMENT=648;

--
-- Constraints for dumped tables
--

--
-- Constraints for table `orderitem`
--
ALTER TABLE `orderitem`
  ADD CONSTRAINT `orderitem_ibfk_1` FOREIGN KEY (`ItemID`) REFERENCES `item` (`ItemID`) ON DELETE CASCADE ON UPDATE CASCADE,
  ADD CONSTRAINT `orderitem_ibfk_2` FOREIGN KEY (`OrderID`) REFERENCES `ordersummary` (`OrderID`) ON DELETE CASCADE ON UPDATE CASCADE;

--
-- Constraints for table `ordersummary`
--
ALTER TABLE `ordersummary`
  ADD CONSTRAINT `ordersummary_ibfk_1` FOREIGN KEY (`CustomerID`) REFERENCES `customer` (`CustomerID`) ON DELETE CASCADE ON UPDATE CASCADE,
  ADD CONSTRAINT `ordersummary_ibfk_2` FOREIGN KEY (`EmployeeID`) REFERENCES `employee` (`EmployeeID`) ON DELETE CASCADE ON UPDATE CASCADE;
COMMIT;

/*!40101 SET CHARACTER_SET_CLIENT=@OLD_CHARACTER_SET_CLIENT */;
/*!40101 SET CHARACTER_SET_RESULTS=@OLD_CHARACTER_SET_RESULTS */;
/*!40101 SET COLLATION_CONNECTION=@OLD_COLLATION_CONNECTION */;
